Date,"Patricia Pepper","Adrián Babič","Germán Chaves","Tijl De Decker","Kelly Catlin","Lieuwe Westra","Vicente López Carril","Chris Anker Sørensen","Ethan Boyes","Arturo Grávalos"
2015-07-01,0,0,0,0,0,78,0,22,0,0
2015-07-02,0,0,0,0,0,104,6,36,0,0
2015-07-03,0,0,0,0,0,129,0,32,0,0
2015-07-04,0,0,0,0,0,144,2,44,0,0
2015-07-05,0,0,0,0,0,79,1,37,0,0
2015-07-06,0,0,0,0,0,98,0,42,0,0
2015-07-07,0,0,0,0,0,332,5,48,0,0
2015-07-08,0,0,0,0,0,66,2,47,0,0
2015-07-09,0,0,0,0,0,84,7,46,0,0
2015-07-10,0,0,0,0,0,49,6,55,0,0
2015-07-11,0,0,0,0,0,63,6,47,0,0
2015-07-12,0,0,0,0,0,68,2,44,0,0
2015-07-13,0,0,0,0,0,54,6,36,0,0
2015-07-14,0,0,0,0,0,56,1,162,0,0
2015-07-15,0,0,0,0,0,73,4,87,0,0
2015-07-16,0,0,0,0,0,130,5,113,0,0
2015-07-17,0,0,0,0,0,48,5,45,0,0
2015-07-18,0,0,0,0,0,58,1,41,0,0
2015-07-19,0,0,0,0,0,39,6,55,0,0
2015-07-20,0,0,0,0,0,38,4,88,0,0
2015-07-21,0,0,0,0,0,17,3,74,0,0
2015-07-22,0,0,0,0,0,32,5,59,0,0
2015-07-23,0,0,0,0,0,29,2,101,0,0
2015-07-24,0,0,0,0,0,40,5,84,0,0
2015-07-25,0,0,0,0,0,33,8,56,0,0
2015-07-26,0,0,0,0,0,49,3,93,0,0
2015-07-27,0,0,0,0,0,42,4,44,0,0
2015-07-28,0,0,0,0,0,26,5,23,0,0
2015-07-29,0,0,0,0,0,8,5,21,0,0
2015-07-30,0,0,0,0,0,11,7,20,0,0
2015-07-31,0,0,0,0,0,12,2,16,0,0
2015-08-01,0,0,0,0,0,6,5,13,0,0
2015-08-02,0,0,0,0,0,13,4,17,0,0
2015-08-03,0,0,0,0,0,8,4,18,0,0
2015-08-04,0,0,0,0,0,20,10,27,0,0
2015-08-05,0,0,0,0,0,5,2,22,0,0
2015-08-06,0,0,0,0,0,8,3,28,0,0
2015-08-07,0,0,0,0,0,13,8,42,0,0
2015-08-08,0,0,0,0,0,15,5,25,0,0
2015-08-09,0,0,0,0,0,11,3,22,0,0
2015-08-10,0,0,0,0,0,8,2,19,0,0
2015-08-11,0,0,0,0,0,11,1,12,0,0
2015-08-12,0,0,0,0,0,10,1,16,0,0
2015-08-13,0,0,0,0,0,12,2,14,0,0
2015-08-14,0,0,0,0,0,9,1,4,0,0
2015-08-15,0,0,0,0,0,8,3,11,0,0
2015-08-16,0,0,0,0,0,16,3,22,0,0
2015-08-17,0,0,0,0,0,3,3,26,0,0
2015-08-18,0,0,0,0,0,8,1,31,0,0
2015-08-19,0,0,0,0,0,8,1,26,0,0
2015-08-20,0,0,0,0,0,4,1,24,0,0
2015-08-21,0,0,0,0,0,13,1,20,0,0
2015-08-22,0,0,0,0,0,5,1,18,0,0
2015-08-23,0,0,0,0,0,6,2,42,0,0
2015-08-24,0,0,0,0,0,8,1,31,0,0
2015-08-25,0,0,0,0,0,8,4,20,0,0
2015-08-26,0,0,0,0,0,4,4,21,0,0
2015-08-27,0,0,0,0,0,13,1,10,0,0
2015-08-28,0,0,0,0,0,9,2,14,0,0
2015-08-29,0,0,0,0,0,10,2,17,0,0
2015-08-30,0,0,0,0,0,4,5,16,0,0
2015-08-31,0,0,0,0,0,10,2,12,0,0
2015-09-01,0,0,0,0,0,8,1,14,0,0
2015-09-02,0,0,0,0,0,8,1,12,0,0
2015-09-03,0,0,0,0,0,15,2,18,0,0
2015-09-04,0,0,0,0,0,8,1,34,0,0
2015-09-05,0,0,0,0,0,6,5,41,0,0
2015-09-06,0,0,0,0,0,7,1,28,0,0
2015-09-07,0,0,0,0,0,14,2,16,0,0
2015-09-08,0,0,0,0,0,24,7,27,0,0
2015-09-09,0,0,0,0,0,14,4,28,0,0
2015-09-10,0,0,0,0,0,11,0,27,0,0
2015-09-11,0,0,0,0,0,12,3,31,0,0
2015-09-12,0,0,0,0,0,13,0,19,0,0
2015-09-13,0,0,0,0,0,10,1,28,0,0
2015-09-14,0,0,0,0,0,16,0,20,0,0
2015-09-15,0,0,0,0,0,12,0,12,0,0
2015-09-16,0,0,0,0,0,10,0,20,0,0
2015-09-17,0,0,0,0,0,4,4,58,0,0
2015-09-18,0,0,0,0,0,6,0,31,0,0
2015-09-19,0,0,0,0,0,7,1,13,0,0
2015-09-20,0,0,0,0,0,8,3,12,0,0
2015-09-21,0,0,0,0,0,12,0,16,0,0
2015-09-22,0,0,0,0,0,12,2,7,0,0
2015-09-23,0,0,0,0,0,11,2,9,0,0
2015-09-24,0,0,0,0,0,9,0,12,0,0
2015-09-25,0,0,0,0,0,11,0,8,0,0
2015-09-26,0,0,0,0,0,6,1,9,0,0
2015-09-27,0,0,0,0,0,9,1,17,0,0
2015-09-28,0,0,0,0,0,7,2,9,0,0
2015-09-29,0,0,0,0,0,11,1,5,0,0
2015-09-30,0,0,0,0,0,4,0,8,0,0
2015-10-01,0,0,0,0,0,5,0,16,0,0
2015-10-02,0,0,0,0,0,14,1,10,0,0
2015-10-03,0,0,0,0,0,7,0,9,0,0
2015-10-04,0,0,0,0,0,3,3,14,0,0
2015-10-05,0,0,0,0,0,5,0,12,0,0
2015-10-06,0,0,0,0,0,16,6,19,0,0
2015-10-07,0,0,0,0,0,8,3,25,0,0
2015-10-08,0,0,0,0,0,5,0,10,0,0
2015-10-09,0,0,0,0,0,10,1,11,0,0
2015-10-10,0,0,0,0,0,13,1,9,0,0
2015-10-11,0,0,0,0,0,9,0,6,0,0
2015-10-12,0,0,0,0,0,9,1,12,0,0
2015-10-13,0,0,0,0,0,8,3,2,0,0
2015-10-14,0,0,0,0,0,7,0,10,0,0
2015-10-15,0,0,0,0,0,4,1,16,0,0
2015-10-16,0,0,0,0,0,5,3,7,0,0
2015-10-17,0,0,0,0,0,4,0,9,0,0
2015-10-18,0,0,0,0,0,4,2,4,0,0
2015-10-19,0,0,0,0,0,7,1,10,0,0
2015-10-20,0,0,0,0,0,4,3,22,0,0
2015-10-21,0,0,0,0,0,16,4,8,0,0
2015-10-22,0,0,0,0,0,7,3,12,0,0
2015-10-23,0,0,0,0,0,4,1,12,0,0
2015-10-24,0,0,0,0,0,2,0,4,0,0
2015-10-25,0,0,0,0,0,3,0,7,0,0
2015-10-26,0,0,0,0,0,3,1,10,0,0
2015-10-27,0,0,0,0,0,3,2,13,0,0
2015-10-28,0,0,0,0,0,2,2,7,0,0
2015-10-29,0,0,0,0,0,4,2,4,0,0
2015-10-30,0,0,0,0,0,4,4,16,0,0
2015-10-31,0,0,0,0,0,2,3,1,0,0
2015-11-01,0,0,0,0,0,4,1,6,0,0
2015-11-02,0,0,0,0,0,7,0,11,0,0
2015-11-03,0,0,0,0,0,0,0,11,0,0
2015-11-04,0,0,0,0,0,3,4,10,0,0
2015-11-05,0,0,0,0,0,2,0,10,0,0
2015-11-06,0,0,0,0,0,5,1,9,0,0
2015-11-07,0,0,0,0,0,4,1,12,0,0
2015-11-08,0,0,0,0,0,3,2,5,0,0
2015-11-09,0,0,0,0,0,7,0,5,0,0
2015-11-10,0,0,0,0,0,6,2,8,0,0
2015-11-11,0,0,0,0,0,2,0,12,0,0
2015-11-12,0,0,0,0,0,2,4,8,0,0
2015-11-13,0,0,0,0,0,3,1,7,0,0
2015-11-14,0,0,0,0,0,3,2,6,0,0
2015-11-15,0,0,0,0,0,8,2,9,0,0
2015-11-16,0,0,0,0,0,0,1,7,0,0
2015-11-17,0,0,0,0,0,4,0,2,0,0
2015-11-18,0,0,0,0,0,5,0,7,0,0
2015-11-19,0,0,0,0,0,1,3,8,0,0
2015-11-20,0,0,0,0,0,9,0,11,0,0
2015-11-21,0,0,0,0,0,4,1,6,0,0
2015-11-22,0,0,0,0,0,5,1,9,0,0
2015-11-23,0,0,0,0,0,2,1,2,0,0
2015-11-24,0,0,0,0,0,4,1,7,0,0
2015-11-25,0,0,0,0,0,3,0,7,0,0
2015-11-26,0,0,0,0,0,4,0,8,0,0
2015-11-27,0,0,0,0,0,4,0,12,0,0
2015-11-28,0,0,0,0,0,2,0,6,0,0
2015-11-29,0,0,0,0,0,7,1,6,0,0
2015-11-30,0,0,0,0,0,4,1,6,0,0
2015-12-01,0,0,0,0,0,3,1,10,0,0
2015-12-02,0,0,0,0,0,6,0,8,0,0
2015-12-03,0,0,0,0,0,5,0,1,0,0
2015-12-04,0,0,0,0,0,2,3,2,0,0
2015-12-05,0,0,0,0,0,5,1,2,0,0
2015-12-06,0,0,0,0,0,1,1,7,0,0
2015-12-07,0,0,0,0,0,2,2,1,0,0
2015-12-08,0,0,0,0,0,0,4,5,0,0
2015-12-09,0,0,0,0,0,7,1,6,0,0
2015-12-10,0,0,0,0,0,4,2,6,0,0
2015-12-11,0,0,0,0,0,2,0,4,0,0
2015-12-12,0,0,0,0,0,2,2,11,0,0
2015-12-13,0,0,0,0,0,5,2,8,0,0
2015-12-14,0,0,0,0,0,6,3,9,0,0
2015-12-15,0,0,0,0,0,4,4,8,0,0
2015-12-16,0,0,0,0,0,2,2,8,0,0
2015-12-17,0,0,0,0,0,6,1,5,0,0
2015-12-18,0,0,0,0,0,1,2,6,0,0
2015-12-19,0,0,0,0,0,1,6,8,0,0
2015-12-20,0,0,0,0,0,8,2,5,0,0
2015-12-21,0,0,0,0,0,2,1,6,0,0
2015-12-22,0,0,0,0,0,1,2,8,0,0
2015-12-23,0,0,0,0,0,6,6,15,0,0
2015-12-24,0,0,0,0,0,9,0,7,0,0
2015-12-25,0,0,0,0,0,2,4,9,0,0
2015-12-26,0,0,0,0,0,1,1,6,0,0
2015-12-27,0,0,0,0,0,4,0,8,0,0
2015-12-28,0,0,0,0,0,9,2,8,0,0
2015-12-29,0,0,0,0,0,3,0,4,0,0
2015-12-30,0,0,0,0,0,5,0,8,0,0
2015-12-31,0,0,0,0,0,2,1,6,0,0
2016-01-01,0,0,0,0,0,3,1,2,0,0
2016-01-02,0,0,0,0,0,5,1,5,0,0
2016-01-03,0,0,0,0,0,10,2,4,0,0
2016-01-04,0,0,0,0,0,4,1,18,0,0
2016-01-05,0,0,0,0,0,8,3,5,0,0
2016-01-06,0,0,0,0,0,4,1,11,0,0
2016-01-07,0,0,0,0,0,5,1,4,0,0
2016-01-08,0,0,0,0,0,8,2,4,0,0
2016-01-09,0,0,0,0,0,7,1,12,0,0
2016-01-10,0,0,0,0,0,7,1,7,0,0
2016-01-11,0,0,0,0,0,4,0,8,0,0
2016-01-12,0,0,0,0,0,3,0,8,0,0
2016-01-13,0,0,0,0,0,2,2,8,0,0
2016-01-14,0,0,0,0,0,5,1,39,0,0
2016-01-15,0,0,0,0,0,5,0,10,0,0
2016-01-16,0,0,0,0,0,4,2,11,0,0
2016-01-17,0,0,0,0,0,9,3,13,0,0
2016-01-18,0,0,0,0,0,13,1,8,0,0
2016-01-19,0,0,0,0,0,8,0,9,0,0
2016-01-20,0,0,0,0,0,14,3,20,0,0
2016-01-21,0,0,0,0,0,8,1,9,0,0
2016-01-22,0,0,0,0,0,8,3,26,0,0
2016-01-23,0,0,0,0,0,4,3,10,0,0
2016-01-24,0,0,0,0,0,15,0,24,0,0
2016-01-25,0,0,0,0,0,9,1,15,0,0
2016-01-26,0,0,0,0,0,7,0,6,0,0
2016-01-27,0,0,0,0,0,6,2,10,0,0
2016-01-28,0,0,0,0,0,11,0,9,0,0
2016-01-29,0,0,0,0,0,4,1,10,0,0
2016-01-30,0,0,0,0,0,7,4,9,0,0
2016-01-31,0,0,0,0,0,4,0,5,0,0
2016-02-01,0,0,0,0,0,3,0,10,0,0
2016-02-02,0,0,0,0,0,8,1,6,0,0
2016-02-03,0,0,0,0,0,2,7,9,0,0
2016-02-04,0,0,0,0,0,2,0,2,0,0
2016-02-05,0,0,0,0,0,14,0,8,0,0
2016-02-06,0,0,0,0,0,7,1,1,0,0
2016-02-07,0,0,0,0,0,10,1,9,0,0
2016-02-08,0,0,0,0,0,5,1,11,0,0
2016-02-09,0,0,0,0,0,9,1,9,0,0
2016-02-10,0,0,0,0,0,19,1,9,0,0
2016-02-11,0,0,0,0,0,12,2,6,0,0
2016-02-12,0,0,0,0,0,20,1,12,0,0
2016-02-13,0,0,0,0,0,10,0,24,0,0
2016-02-14,0,0,0,0,0,5,0,7,0,0
2016-02-15,0,0,0,0,0,5,0,6,0,0
2016-02-16,0,0,0,0,0,8,0,10,0,0
2016-02-17,0,0,0,0,0,4,1,8,0,0
2016-02-18,0,0,0,0,0,9,0,12,0,0
2016-02-19,0,0,0,0,0,8,3,16,0,0
2016-02-20,0,0,0,0,0,8,0,13,0,0
2016-02-21,0,0,0,0,0,11,0,8,0,0
2016-02-22,0,0,0,0,0,8,1,17,0,0
2016-02-23,0,0,0,0,0,3,2,19,0,0
2016-02-24,0,0,0,0,0,8,1,14,0,0
2016-02-25,0,0,0,0,0,2,0,12,0,0
2016-02-26,0,0,0,0,0,13,1,10,0,0
2016-02-27,0,0,0,0,0,10,1,7,0,0
2016-02-28,0,0,0,0,0,10,1,14,0,0
2016-02-29,0,0,0,0,0,11,0,22,0,0
2016-03-01,0,0,0,0,0,3,1,8,0,0
2016-03-02,0,0,0,0,0,10,1,43,0,0
2016-03-03,0,0,0,0,13,7,1,22,0,0
2016-03-04,0,0,0,0,72,10,0,9,0,0
2016-03-05,0,0,0,0,65,3,0,14,0,0
2016-03-06,0,0,0,0,25,28,7,54,0,0
2016-03-07,0,0,0,0,19,29,2,37,0,0
2016-03-08,0,0,0,0,12,18,0,32,0,0
2016-03-09,0,0,0,0,13,11,1,15,0,0
2016-03-10,0,0,0,0,4,19,0,14,0,0
2016-03-11,0,0,0,0,2,15,2,17,0,0
2016-03-12,0,0,0,0,3,11,0,19,0,0
2016-03-13,0,0,0,0,5,19,5,37,0,0
2016-03-14,0,0,0,0,8,12,1,11,0,0
2016-03-15,0,0,0,0,3,5,2,12,0,0
2016-03-16,0,0,0,0,2,8,0,13,0,0
2016-03-17,0,0,0,0,3,15,1,2,0,0
2016-03-18,0,0,0,0,1,5,2,6,0,0
2016-03-19,0,0,0,0,10,13,0,18,0,0
2016-03-20,0,0,0,0,8,5,0,4,0,0
2016-03-21,0,0,0,0,5,8,0,11,0,0
2016-03-22,0,0,0,0,1,4,1,4,0,0
2016-03-23,0,0,0,0,4,5,2,9,0,0
2016-03-24,0,0,0,0,1,8,0,10,0,0
2016-03-25,0,0,0,0,7,13,2,12,0,0
2016-03-26,0,0,0,0,0,11,1,12,0,0
2016-03-27,0,0,0,0,3,39,1,27,0,0
2016-03-28,0,0,0,0,5,10,5,7,0,0
2016-03-29,0,0,0,0,2,153,0,7,0,0
2016-03-30,0,0,0,0,7,76,3,4,0,0
2016-03-31,0,0,0,0,5,486,1,12,0,0
2016-04-01,0,0,0,0,4,147,0,16,0,0
2016-04-02,0,0,0,0,2,41,4,4,0,0
2016-04-03,0,0,0,0,2,30,3,13,0,0
2016-04-04,0,0,0,0,8,13,2,9,0,0
2016-04-05,0,0,0,0,5,13,0,11,0,0
2016-04-06,0,0,0,0,11,18,2,8,0,0
2016-04-07,0,0,0,0,7,17,1,6,0,0
2016-04-08,0,0,0,0,6,12,1,11,0,0
2016-04-09,0,0,0,0,4,15,4,11,0,0
2016-04-10,0,0,0,0,4,35,3,21,0,0
2016-04-11,0,0,0,0,5,19,3,7,0,0
2016-04-12,0,0,0,0,3,9,0,5,0,0
2016-04-13,0,0,0,0,3,11,6,51,0,0
2016-04-14,0,0,0,0,7,8,1,22,0,0
2016-04-15,0,0,0,0,9,7,1,20,0,0
2016-04-16,0,0,0,0,2,11,6,8,0,0
2016-04-17,0,0,0,0,0,16,1,18,0,0
2016-04-18,0,0,0,0,2,8,3,15,0,0
2016-04-19,0,0,0,0,6,9,1,15,0,0
2016-04-20,0,0,0,0,4,8,1,28,0,0
2016-04-21,0,0,0,0,2,10,3,19,0,0
2016-04-22,0,0,0,0,1,14,1,15,0,0
2016-04-23,0,0,0,0,3,6,5,13,0,0
2016-04-24,0,0,0,0,3,18,2,53,0,0
2016-04-25,0,0,0,0,4,16,0,13,0,0
2016-04-26,0,0,0,0,9,10,1,9,0,0
2016-04-27,0,0,0,0,6,7,2,11,0,0
2016-04-28,0,0,0,0,8,11,0,10,0,0
2016-04-29,0,0,0,0,9,14,0,14,0,0
2016-04-30,0,0,0,0,5,7,6,10,0,0
2016-05-01,0,0,0,0,2,7,2,9,0,0
2016-05-02,0,0,0,0,5,5,1,13,0,0
2016-05-03,0,0,0,0,4,15,1,5,0,0
2016-05-04,0,0,0,0,2,5,3,9,0,0
2016-05-05,0,0,0,0,3,3,0,10,0,0
2016-05-06,0,0,0,0,0,5,0,11,0,0
2016-05-07,0,0,0,0,6,8,2,11,0,0
2016-05-08,0,0,0,0,8,7,1,10,0,0
2016-05-09,0,0,0,0,4,11,0,13,0,0
2016-05-10,0,0,0,0,2,7,2,12,0,0
2016-05-11,0,0,0,0,9,7,1,8,0,0
2016-05-12,0,0,0,0,3,8,1,14,0,0
2016-05-13,0,0,0,0,4,11,1,14,0,0
2016-05-14,0,0,0,0,2,8,3,22,0,0
2016-05-15,0,0,0,0,6,8,1,18,0,0
2016-05-16,0,0,0,0,7,3,3,12,0,0
2016-05-17,0,0,0,0,3,7,2,19,0,0
2016-05-18,0,0,0,0,4,9,1,22,0,0
2016-05-19,0,0,0,0,6,9,0,24,0,0
2016-05-20,0,0,0,0,9,12,2,15,0,0
2016-05-21,0,0,0,0,7,13,2,15,0,0
2016-05-22,0,0,0,0,2,12,0,9,0,0
2016-05-23,0,0,0,0,4,9,4,7,0,0
2016-05-24,0,0,0,0,3,15,2,17,0,0
2016-05-25,0,0,0,0,3,13,5,18,0,0
2016-05-26,0,0,0,0,5,4,1,13,0,0
2016-05-27,0,0,0,0,4,9,2,16,0,0
2016-05-28,0,0,0,0,1,12,1,18,0,0
2016-05-29,0,0,0,0,4,13,2,13,0,0
2016-05-30,0,0,0,0,1,15,3,15,0,0
2016-05-31,0,0,0,0,3,13,1,13,0,0
2016-06-01,0,0,0,0,3,7,0,18,0,0
2016-06-02,0,0,0,0,3,2,1,9,0,0
2016-06-03,0,0,0,0,4,13,2,8,0,0
2016-06-04,0,0,0,0,2,8,3,15,0,0
2016-06-05,0,0,0,0,2,4,1,13,0,0
2016-06-06,0,0,0,0,6,5,1,26,0,0
2016-06-07,0,0,0,0,3,13,2,58,0,0
2016-06-08,0,0,0,0,4,6,0,17,0,0
2016-06-09,0,0,0,0,3,7,1,23,0,0
2016-06-10,0,0,0,0,1,13,0,14,0,0
2016-06-11,0,0,0,0,5,7,2,14,0,0
2016-06-12,0,0,0,0,3,10,2,17,0,0
2016-06-13,0,0,0,0,3,6,2,37,0,0
2016-06-14,0,0,0,0,4,9,1,25,0,0
2016-06-15,0,0,0,0,2,6,2,12,0,0
2016-06-16,0,0,0,0,7,12,1,19,0,0
2016-06-17,0,0,0,0,2,6,3,11,0,0
2016-06-18,0,0,0,0,4,3,2,19,0,0
2016-06-19,0,0,0,0,3,6,3,48,0,0
2016-06-20,0,0,0,0,8,7,5,14,0,0
2016-06-21,0,0,0,0,4,8,1,26,0,0
2016-06-22,0,0,0,0,5,7,1,21,0,0
2016-06-23,0,0,0,0,4,6,1,45,0,0
2016-06-24,0,0,0,0,6,9,3,18,0,0
2016-06-25,0,0,0,0,4,4,1,27,0,0
2016-06-26,0,0,0,0,7,8,1,39,0,0
2016-06-27,0,0,0,0,8,11,2,64,0,0
2016-06-28,0,0,0,0,10,7,0,80,0,0
2016-06-29,0,0,0,0,7,5,1,86,0,0
2016-06-30,0,0,0,0,4,10,0,54,0,0
2016-07-01,0,0,0,0,4,9,2,105,0,0
2016-07-02,0,0,0,0,8,15,1,156,0,0
2016-07-03,0,0,0,0,5,10,0,121,0,0
2016-07-04,0,0,0,0,10,11,6,126,0,0
2016-07-05,0,0,0,0,16,17,3,118,0,0
2016-07-06,0,0,0,0,10,15,4,158,0,0
2016-07-07,0,0,0,0,4,13,1,116,0,0
2016-07-08,0,0,0,0,7,13,1,167,0,0
2016-07-09,0,0,0,0,8,11,1,106,0,0
2016-07-10,0,0,0,0,9,16,3,71,0,0
2016-07-11,0,0,0,0,11,20,1,61,0,0
2016-07-12,0,0,0,0,9,23,7,94,0,0
2016-07-13,0,0,0,0,10,23,6,145,0,0
2016-07-14,0,0,0,0,7,17,2,598,0,0
2016-07-15,0,0,0,0,7,22,0,138,0,0
2016-07-16,0,0,0,0,4,18,7,75,0,0
2016-07-17,0,0,0,0,5,23,7,145,0,0
2016-07-18,0,0,0,0,3,24,1,94,0,0
2016-07-19,0,0,0,0,11,36,9,101,0,0
2016-07-20,0,0,0,0,7,44,5,74,0,0
2016-07-21,0,0,0,0,9,28,3,148,0,0
2016-07-22,0,0,0,0,13,25,2,90,0,0
2016-07-23,0,0,0,0,6,23,8,74,0,0
2016-07-24,0,0,0,0,4,46,7,163,0,0
2016-07-25,0,0,0,0,9,16,13,54,0,0
2016-07-26,0,0,0,0,5,18,5,34,0,0
2016-07-27,0,0,0,0,11,13,2,28,0,0
2016-07-28,0,0,0,0,8,6,0,24,0,0
2016-07-29,0,0,0,0,17,13,2,14,0,0
2016-07-30,0,0,0,0,9,14,2,33,0,0
2016-07-31,0,0,0,0,19,5,2,22,0,0
2016-08-01,0,0,0,0,20,12,3,20,0,0
2016-08-02,0,0,0,0,26,16,5,21,0,0
2016-08-03,0,0,0,0,24,7,2,15,0,0
2016-08-04,0,0,0,0,21,5,2,42,0,0
2016-08-05,0,0,0,0,32,8,0,25,0,0
2016-08-06,0,0,0,0,56,9,2,121,0,0
2016-08-07,0,0,0,0,46,13,2,66,0,0
2016-08-08,0,0,0,0,37,11,2,24,0,0
2016-08-09,0,0,0,0,38,11,1,19,0,0
2016-08-10,0,0,0,0,31,8,2,19,0,0
2016-08-11,0,0,0,0,53,8,2,14,0,0
2016-08-12,0,0,0,0,53,3,3,14,0,0
2016-08-13,0,0,0,0,522,1,2,4,0,0
2016-08-14,0,0,0,0,275,7,2,8,0,0
2016-08-15,0,0,0,0,144,3,1,16,0,0
2016-08-16,0,0,0,0,120,7,0,13,0,0
2016-08-17,0,0,0,0,89,8,0,9,0,0
2016-08-18,0,0,0,0,59,15,2,7,0,0
2016-08-19,0,0,0,0,41,6,2,7,0,0
2016-08-20,0,0,0,0,43,5,2,6,0,0
2016-08-21,0,0,0,0,63,9,5,7,0,0
2016-08-22,0,0,0,0,68,3,0,14,0,0
2016-08-23,0,0,0,0,41,6,2,14,0,0
2016-08-24,0,0,0,0,32,4,3,9,0,0
2016-08-25,0,0,0,0,23,9,1,6,0,0
2016-08-26,0,0,0,0,27,12,1,6,0,0
2016-08-27,0,0,0,0,16,5,1,5,0,0
2016-08-28,0,0,0,0,15,14,3,11,0,0
2016-08-29,0,0,0,0,14,9,2,1,0,0
2016-08-30,0,0,0,0,12,5,3,6,0,0
2016-08-31,0,0,0,0,2,4,1,21,0,0
2016-09-01,0,0,0,0,13,7,2,10,0,0
2016-09-02,0,0,0,0,15,8,1,14,0,0
2016-09-03,0,0,0,0,6,10,3,9,0,0
2016-09-04,0,0,0,0,8,5,1,19,0,0
2016-09-05,0,0,0,0,13,6,3,40,0,0
2016-09-06,0,0,0,0,8,3,3,7,0,0
2016-09-07,0,0,0,0,5,6,1,11,0,0
2016-09-08,0,0,0,0,23,7,0,12,0,0
2016-09-09,0,0,0,0,13,4,1,3,0,0
2016-09-10,0,0,0,0,9,7,2,8,0,0
2016-09-11,0,0,0,0,37,3,1,12,0,0
2016-09-12,0,0,0,0,20,3,1,7,0,0
2016-09-13,0,0,0,0,6,2,1,6,0,0
2016-09-14,0,0,0,0,4,3,2,4,0,0
2016-09-15,0,0,0,0,8,5,1,9,0,0
2016-09-16,0,0,0,0,3,8,0,12,0,0
2016-09-17,0,0,0,0,4,1,5,4,0,0
2016-09-18,0,0,0,0,5,0,1,4,0,0
2016-09-19,0,0,0,0,2,13,1,8,0,0
2016-09-20,0,0,0,0,9,8,3,8,0,0
2016-09-21,0,0,0,0,8,10,3,6,0,0
2016-09-22,0,0,0,0,12,9,2,12,0,0
2016-09-23,0,0,0,0,9,8,2,3,0,0
2016-09-24,0,0,0,0,12,4,1,8,0,0
2016-09-25,0,0,0,0,8,4,1,4,0,0
2016-09-26,0,0,0,0,3,7,6,8,0,0
2016-09-27,0,0,0,0,4,7,1,7,0,0
2016-09-28,0,0,0,0,7,3,1,5,0,0
2016-09-29,0,0,0,0,5,1,2,6,0,0
2016-09-30,0,0,0,0,2,6,2,4,0,0
2016-10-01,0,0,0,0,4,2,0,7,0,0
2016-10-02,0,0,0,0,4,3,1,3,0,0
2016-10-03,0,0,0,0,9,5,1,9,0,0
2016-10-04,0,0,0,0,3,7,0,3,0,0
2016-10-05,0,0,0,0,2,8,0,1,0,0
2016-10-06,0,0,0,0,4,11,0,5,0,0
2016-10-07,0,0,0,0,4,11,0,5,0,0
2016-10-08,0,0,0,0,6,9,3,7,0,0
2016-10-09,0,0,0,0,2,6,2,8,0,0
2016-10-10,0,0,0,0,4,8,1,6,0,0
2016-10-11,0,0,0,0,8,7,1,7,0,0
2016-10-12,0,0,0,0,4,5,0,9,0,0
2016-10-13,0,0,0,0,5,6,3,18,0,0
2016-10-14,0,0,0,0,10,2,4,25,0,0
2016-10-15,0,0,0,0,5,3,2,27,0,0
2016-10-16,0,0,0,0,8,13,2,8,0,0
2016-10-17,0,0,0,0,7,12,1,7,0,0
2016-10-18,0,0,0,0,4,1,0,12,0,0
2016-10-19,0,0,0,0,2,0,1,10,0,0
2016-10-20,0,0,0,0,7,2,2,6,0,0
2016-10-21,0,0,0,0,2,4,0,3,0,0
2016-10-22,0,0,0,0,4,4,1,3,0,0
2016-10-23,0,0,0,0,5,2,2,9,0,0
2016-10-24,0,0,0,0,23,1,1,4,0,0
2016-10-25,0,0,0,0,24,5,1,0,0,0
2016-10-26,0,0,0,0,21,1,3,9,0,0
2016-10-27,0,0,0,0,20,5,4,4,0,0
2016-10-28,0,0,0,0,13,3,0,6,0,0
2016-10-29,0,0,0,0,14,3,0,3,0,0
2016-10-30,0,0,0,0,16,4,2,6,0,0
2016-10-31,0,0,0,0,10,6,1,8,0,0
2016-11-01,0,0,0,0,6,7,4,4,0,0
2016-11-02,0,0,0,0,10,4,1,6,0,0
2016-11-03,0,0,0,0,7,1,1,6,0,0
2016-11-04,0,0,0,0,7,3,1,6,0,0
2016-11-05,0,0,0,0,7,2,0,6,0,0
2016-11-06,0,0,0,0,6,5,1,1,0,0
2016-11-07,0,0,0,0,8,6,2,2,0,0
2016-11-08,0,0,0,0,9,5,1,3,0,0
2016-11-09,0,0,0,0,5,2,0,1,0,0
2016-11-10,0,0,0,0,6,0,0,1,0,0
2016-11-11,0,0,0,0,6,8,2,3,0,0
2016-11-12,0,0,0,0,6,3,0,3,0,0
2016-11-13,0,0,0,0,5,5,1,5,0,0
2016-11-14,0,0,0,0,4,4,2,2,0,0
2016-11-15,0,0,0,0,0,5,1,4,0,0
2016-11-16,0,0,0,0,3,4,0,5,0,0
2016-11-17,0,0,0,0,18,5,3,6,0,0
2016-11-18,0,0,0,0,15,5,1,7,0,0
2016-11-19,0,0,0,0,1,1,0,2,0,0
2016-11-20,0,0,0,0,4,3,0,4,0,0
2016-11-21,0,0,0,0,5,1,3,9,0,0
2016-11-22,0,0,0,0,5,3,0,3,0,0
2016-11-23,0,0,0,0,6,21,0,0,0,0
2016-11-24,0,0,0,0,5,23,0,9,0,0
2016-11-25,0,0,0,0,2,13,2,7,0,0
2016-11-26,0,0,0,0,1,13,1,4,0,0
2016-11-27,0,0,0,0,5,1,1,8,0,0
2016-11-28,0,0,0,0,2,1,1,3,0,0
2016-11-29,0,0,0,0,5,5,1,6,0,0
2016-11-30,0,0,0,0,6,9,4,3,0,0
2016-12-01,0,0,0,0,8,4,1,6,0,0
2016-12-02,0,0,0,0,15,5,2,5,0,0
2016-12-03,0,0,0,0,5,7,3,3,0,0
2016-12-04,0,0,0,0,3,4,1,8,0,0
2016-12-05,0,0,0,0,7,8,0,10,0,0
2016-12-06,0,0,0,0,7,4,0,5,0,0
2016-12-07,0,0,0,0,5,4,2,11,0,0
2016-12-08,0,0,0,0,2,3,2,2,0,0
2016-12-09,0,0,0,0,9,6,0,6,0,0
2016-12-10,0,0,0,0,4,0,1,3,0,0
2016-12-11,0,0,0,0,6,2,2,6,0,0
2016-12-12,0,0,0,0,7,5,0,1,0,0
2016-12-13,0,0,0,0,4,8,2,5,0,0
2016-12-14,0,0,0,0,5,0,1,6,0,0
2016-12-15,0,0,0,0,7,5,0,3,0,0
2016-12-16,0,0,0,0,9,14,1,28,0,0
2016-12-17,0,0,0,0,5,3,2,14,0,0
2016-12-18,0,0,0,0,7,9,4,13,0,0
2016-12-19,0,0,0,0,8,3,5,7,0,0
2016-12-20,0,0,0,0,5,5,1,12,0,0
2016-12-21,0,0,0,0,4,10,1,8,0,0
2016-12-22,0,0,0,0,2,4,0,15,0,0
2016-12-23,0,0,0,0,2,5,2,16,0,0
2016-12-24,0,0,0,0,1,4,0,8,0,0
2016-12-25,0,0,0,0,9,4,0,4,0,0
2016-12-26,0,0,0,0,5,4,0,5,0,0
2016-12-27,0,0,0,0,6,2,1,4,0,0
2016-12-28,0,0,0,0,6,7,1,5,0,0
2016-12-29,0,0,0,0,1,3,0,5,0,0
2016-12-30,0,0,0,0,6,0,0,7,0,0
2016-12-31,0,0,0,0,7,7,1,6,0,0
2017-01-01,0,0,0,0,7,13,2,4,0,0
2017-01-02,0,0,0,0,6,8,1,9,0,0
2017-01-03,0,0,0,0,4,6,1,6,0,0
2017-01-04,0,0,0,0,4,7,1,6,0,0
2017-01-05,0,0,0,0,4,10,0,6,0,0
2017-01-06,0,0,0,0,6,10,1,5,0,0
2017-01-07,0,0,0,0,5,1,0,4,0,0
2017-01-08,0,0,0,0,5,25,1,4,0,0
2017-01-09,0,0,0,0,3,261,2,3,0,0
2017-01-10,0,0,0,0,5,123,0,2,0,0
2017-01-11,0,0,0,0,2,42,0,2,0,0
2017-01-12,0,0,0,0,5,46,0,3,0,0
2017-01-13,0,0,0,0,11,31,3,6,0,0
2017-01-14,0,0,0,0,7,19,2,4,0,0
2017-01-15,0,0,0,0,3,14,0,8,0,0
2017-01-16,0,0,0,0,7,12,1,6,0,0
2017-01-17,0,0,0,0,7,10,4,9,0,0
2017-01-18,0,0,0,0,11,19,1,10,0,0
2017-01-19,0,0,0,0,5,16,2,5,0,0
2017-01-20,0,0,0,0,4,18,2,6,0,0
2017-01-21,0,0,0,0,6,5,0,5,0,0
2017-01-22,0,0,0,0,6,9,0,5,0,0
2017-01-23,0,0,0,0,8,7,0,2,0,0
2017-01-24,0,0,0,0,5,5,2,5,0,0
2017-01-25,0,0,0,0,6,3,1,21,0,0
2017-01-26,0,0,0,0,7,39,5,9,0,0
2017-01-27,0,0,0,0,8,10,1,3,0,0
2017-01-28,0,0,0,0,6,5,0,4,0,0
2017-01-29,0,0,0,0,3,4,1,2,0,0
2017-01-30,0,0,0,0,2,8,0,1,0,0
2017-01-31,0,0,0,0,9,3,0,7,0,0
2017-02-01,0,0,0,0,6,12,0,3,0,0
2017-02-02,0,0,0,0,3,8,2,7,0,0
2017-02-03,0,0,0,0,6,5,0,11,0,0
2017-02-04,0,0,0,0,5,4,1,3,0,0
2017-02-05,0,0,0,0,8,4,1,5,0,0
2017-02-06,0,0,0,0,1,3,2,7,0,0
2017-02-07,0,0,0,0,2,10,1,1,0,0
2017-02-08,0,0,0,0,4,5,3,11,0,0
2017-02-09,0,0,0,0,8,1,1,19,0,0
2017-02-10,0,0,0,0,3,0,2,30,0,0
2017-02-11,0,0,0,0,5,3,0,13,0,0
2017-02-12,0,0,0,0,4,2,2,10,0,0
2017-02-13,0,0,0,0,4,6,0,8,0,0
2017-02-14,0,0,0,0,1,0,0,7,0,0
2017-02-15,0,0,0,0,3,3,1,10,0,0
2017-02-16,0,0,0,0,5,5,1,7,0,0
2017-02-17,0,0,0,0,3,9,0,6,0,0
2017-02-18,0,0,0,0,2,5,0,5,0,0
2017-02-19,0,0,0,0,0,8,0,9,0,0
2017-02-20,0,0,0,0,5,8,1,5,0,0
2017-02-21,0,0,0,0,9,9,1,6,0,0
2017-02-22,0,0,0,0,6,3,0,6,0,0
2017-02-23,0,0,0,0,4,5,3,7,0,0
2017-02-24,0,0,0,0,3,1,0,1,0,0
2017-02-25,0,0,0,0,2,5,2,5,0,0
2017-02-26,0,0,0,0,15,7,0,5,0,0
2017-02-27,0,0,0,0,6,6,0,0,0,0
2017-02-28,0,0,0,0,9,5,0,4,0,0
2017-03-01,0,0,0,0,3,4,2,8,0,0
2017-03-02,0,0,0,0,4,3,1,5,0,0
2017-03-03,0,0,0,0,6,4,0,6,0,0
2017-03-04,0,0,0,0,8,5,0,2,0,0
2017-03-05,0,0,0,0,10,4,1,50,0,0
2017-03-06,0,0,0,0,45,7,0,30,0,0
2017-03-07,0,0,0,0,6,5,1,29,0,0
2017-03-08,0,0,0,0,7,9,0,27,0,0
2017-03-09,0,0,0,0,13,6,2,30,0,0
2017-03-10,0,0,0,0,7,4,0,33,0,0
2017-03-11,0,0,0,0,8,5,2,44,0,0
2017-03-12,0,0,0,0,5,8,2,33,0,0
2017-03-13,0,0,0,0,5,12,0,11,0,0
2017-03-14,0,0,0,0,15,8,2,11,0,0
2017-03-15,0,0,0,0,7,3,1,1,0,0
2017-03-16,0,0,0,0,5,8,1,8,0,0
2017-03-17,0,0,0,0,10,4,0,8,0,0
2017-03-18,0,0,0,0,7,6,3,7,0,0
2017-03-19,0,0,0,0,4,8,2,12,0,0
2017-03-20,0,0,0,0,14,11,1,9,0,0
2017-03-21,0,0,0,0,11,6,1,5,0,0
2017-03-22,0,0,0,0,8,8,2,8,0,0
2017-03-23,0,0,0,0,7,10,2,5,0,0
2017-03-24,0,0,0,0,7,8,0,16,0,0
2017-03-25,0,0,0,0,12,5,3,9,0,0
2017-03-26,0,0,0,0,5,12,4,10,0,0
2017-03-27,0,0,0,0,4,40,1,9,0,0
2017-03-28,0,0,0,0,4,50,0,3,0,0
2017-03-29,0,0,0,0,4,32,7,9,0,0
2017-03-30,0,0,0,0,8,23,0,8,0,0
2017-03-31,0,0,0,0,4,3,4,9,0,0
2017-04-01,0,0,0,0,6,8,2,6,0,0
2017-04-02,0,0,0,0,3,8,0,14,0,0
2017-04-03,0,0,0,0,7,11,1,8,0,0
2017-04-04,0,0,0,0,7,6,2,9,0,0
2017-04-05,0,0,0,0,2,6,1,11,0,0
2017-04-06,0,0,0,0,3,8,3,10,0,0
2017-04-07,0,0,0,0,6,5,1,8,0,0
2017-04-08,0,0,0,0,4,10,0,5,0,0
2017-04-09,0,0,0,0,5,6,1,15,0,0
2017-04-10,0,0,0,0,8,7,2,10,0,0
2017-04-11,0,0,0,0,4,1,0,7,0,0
2017-04-12,0,0,0,0,27,2,1,7,0,0
2017-04-13,0,0,0,0,68,4,4,1,0,0
2017-04-14,0,0,0,0,65,5,1,16,0,0
2017-04-15,0,0,0,0,125,3,6,11,0,0
2017-04-16,0,0,0,0,50,9,3,17,0,0
2017-04-17,0,0,0,0,34,12,0,11,0,0
2017-04-18,0,0,0,0,9,7,0,2,0,0
2017-04-19,0,0,0,0,15,12,0,34,0,0
2017-04-20,0,0,0,0,18,2,0,5,0,0
2017-04-21,0,0,0,0,9,2,1,3,0,0
2017-04-22,0,0,0,0,13,34,1,7,0,0
2017-04-23,0,0,0,0,6,16,4,85,0,0
2017-04-24,0,0,0,0,5,6,0,7,0,0
2017-04-25,0,0,0,0,14,4,0,4,0,0
2017-04-26,0,0,0,0,9,2,1,5,0,0
2017-04-27,0,0,0,0,10,4,3,11,0,0
2017-04-28,0,0,0,0,5,4,1,9,0,0
2017-04-29,0,0,0,0,5,8,1,9,0,0
2017-04-30,0,0,0,0,9,10,0,8,0,0
2017-05-01,0,0,0,0,11,5,1,7,0,0
2017-05-02,0,0,0,0,5,7,2,12,0,0
2017-05-03,0,0,0,0,7,6,0,10,0,0
2017-05-04,0,0,0,0,5,5,3,6,0,0
2017-05-05,0,0,0,0,6,9,0,9,0,0
2017-05-06,0,0,0,0,5,7,1,8,0,0
2017-05-07,0,0,0,0,5,2,1,9,0,0
2017-05-08,0,0,0,0,6,8,1,5,0,0
2017-05-09,0,0,0,0,6,4,1,6,0,0
2017-05-10,0,0,0,0,5,8,1,14,0,0
2017-05-11,0,0,0,0,6,3,0,9,0,0
2017-05-12,0,0,0,0,6,2,1,14,0,0
2017-05-13,0,0,0,0,7,2,3,5,0,0
2017-05-14,0,0,0,0,2,4,0,8,0,0
2017-05-15,0,0,0,0,6,9,0,9,0,0
2017-05-16,0,0,0,0,4,9,1,5,0,0
2017-05-17,0,0,0,0,5,7,3,3,0,0
2017-05-18,0,0,0,0,9,9,2,12,0,0
2017-05-19,0,0,0,0,2,9,0,16,0,0
2017-05-20,0,0,0,0,5,9,2,10,0,0
2017-05-21,0,0,0,0,4,3,1,8,0,0
2017-05-22,0,0,0,0,6,9,1,9,0,0
2017-05-23,0,0,0,0,5,5,1,18,0,0
2017-05-24,0,0,0,0,6,8,3,24,0,0
2017-05-25,0,0,0,0,7,6,0,20,0,0
2017-05-26,0,0,0,0,6,3,3,17,0,0
2017-05-27,0,0,0,0,6,7,2,9,0,0
2017-05-28,0,0,0,0,2,28,0,18,0,0
2017-05-29,0,0,0,0,11,10,3,13,0,0
2017-05-30,0,0,0,0,6,9,3,9,0,0
2017-05-31,0,0,0,0,7,12,1,13,0,0
2017-06-01,0,0,0,0,6,5,2,8,0,0
2017-06-02,0,0,0,0,4,1,1,5,0,0
2017-06-03,0,0,0,0,5,6,0,5,0,0
2017-06-04,0,0,0,0,6,9,3,24,0,0
2017-06-05,0,0,0,0,9,9,0,15,0,0
2017-06-06,0,0,0,0,3,10,1,15,0,0
2017-06-07,0,0,0,0,1,9,1,20,0,0
2017-06-08,0,0,0,0,7,3,0,12,0,0
2017-06-09,0,0,0,0,2,1,0,17,0,0
2017-06-10,0,0,0,0,15,8,2,27,0,0
2017-06-11,0,0,0,0,4,9,1,46,0,0
2017-06-12,0,0,0,0,12,9,2,20,0,0
2017-06-13,0,0,0,0,6,6,1,20,0,0
2017-06-14,0,0,0,0,8,10,2,15,0,0
2017-06-15,0,0,0,0,5,4,1,19,0,0
2017-06-16,0,0,0,0,5,7,2,11,0,0
2017-06-17,0,0,0,0,5,5,1,8,0,0
2017-06-18,0,0,0,0,4,1,1,8,0,0
2017-06-19,0,0,0,0,4,12,4,6,0,0
2017-06-20,0,0,0,0,8,7,0,16,0,0
2017-06-21,0,0,0,0,7,4,0,12,0,0
2017-06-22,0,0,0,0,2,4,3,10,0,0
2017-06-23,0,0,0,0,4,2,0,10,0,0
2017-06-24,0,0,0,0,5,7,1,5,0,0
2017-06-25,0,0,0,0,6,12,1,26,0,0
2017-06-26,0,0,0,0,7,7,2,25,0,0
2017-06-27,0,0,0,0,2,6,1,18,0,0
2017-06-28,0,0,0,0,6,11,1,14,0,0
2017-06-29,0,0,0,0,4,10,5,21,0,0
2017-06-30,0,0,0,0,3,4,3,24,0,0
2017-07-01,0,0,0,0,3,10,1,70,0,0
2017-07-02,0,0,0,0,7,8,1,178,0,0
2017-07-03,0,0,0,0,2,12,5,266,0,0
2017-07-04,0,0,0,0,3,10,1,250,0,0
2017-07-05,0,0,0,0,4,13,3,267,0,0
2017-07-06,0,0,0,0,8,15,2,112,0,0
2017-07-07,0,0,0,0,1,30,4,147,0,0
2017-07-08,0,0,0,0,5,157,0,139,0,0
2017-07-09,0,0,0,0,5,92,2,182,0,0
2017-07-10,0,0,0,0,6,23,4,64,0,0
2017-07-11,0,0,0,0,3,8,4,149,0,0
2017-07-12,0,0,0,0,4,25,2,114,0,0
2017-07-13,0,0,0,0,6,7,6,285,0,0
2017-07-14,0,0,0,0,6,11,4,155,0,0
2017-07-15,0,0,0,0,3,16,2,150,0,0
2017-07-16,0,0,0,0,7,12,4,179,0,0
2017-07-17,0,0,0,0,14,13,1,44,0,0
2017-07-18,0,0,0,0,3,11,26,179,0,0
2017-07-19,0,0,0,0,3,17,13,193,0,0
2017-07-20,0,0,0,0,6,27,6,138,0,0
2017-07-21,0,0,0,0,11,12,7,215,0,0
2017-07-22,0,0,0,0,3,16,5,931,0,0
2017-07-23,0,0,0,0,4,45,7,285,0,0
2017-07-24,0,0,0,0,10,14,6,69,0,0
2017-07-25,0,0,0,0,11,14,3,43,0,0
2017-07-26,0,0,0,0,7,7,2,27,0,0
2017-07-27,0,0,0,0,6,2,3,21,0,0
2017-07-28,0,0,0,0,5,6,2,17,0,0
2017-07-29,0,0,0,0,4,4,5,23,0,0
2017-07-30,0,0,0,0,8,9,1,14,0,0
2017-07-31,0,0,0,0,7,6,2,20,0,0
2017-08-01,0,0,0,0,4,8,1,15,0,0
2017-08-02,0,0,0,0,2,6,1,15,0,0
2017-08-03,0,0,0,0,3,2,2,10,0,0
2017-08-04,0,0,0,0,4,6,2,19,0,0
2017-08-05,0,0,0,0,5,6,1,9,0,0
2017-08-06,0,0,0,0,3,5,1,7,0,0
2017-08-07,0,0,0,0,7,7,0,12,0,0
2017-08-08,0,0,0,0,4,14,2,11,0,0
2017-08-09,0,0,0,0,16,5,1,8,0,0
2017-08-10,0,0,0,0,2,4,4,9,0,0
2017-08-11,0,0,0,0,7,7,6,7,0,0
2017-08-12,0,0,0,0,9,2,0,7,0,0
2017-08-13,0,0,0,0,6,5,1,7,0,0
2017-08-14,0,0,0,0,4,3,2,7,0,0
2017-08-15,0,0,0,0,14,3,3,3,0,0
2017-08-16,0,0,0,0,7,7,3,10,0,0
2017-08-17,0,0,0,0,6,6,1,23,0,0
2017-08-18,0,0,0,0,4,2,2,6,0,0
2017-08-19,0,0,0,0,3,3,0,13,0,0
2017-08-20,0,0,0,0,5,8,1,9,0,0
2017-08-21,0,0,0,0,5,5,6,7,0,0
2017-08-22,0,0,0,0,2,2,1,5,0,0
2017-08-23,0,0,0,0,5,22,3,8,0,0
2017-08-24,0,0,0,0,7,4,0,8,0,0
2017-08-25,0,0,0,0,2,3,2,12,0,0
2017-08-26,0,0,0,0,3,3,0,7,0,0
2017-08-27,0,0,0,0,5,4,1,5,0,0
2017-08-28,0,0,0,0,10,4,2,2,0,0
2017-08-29,0,0,0,0,5,6,0,8,0,0
2017-08-30,0,0,0,0,2,1,1,6,0,0
2017-08-31,0,0,0,0,9,6,1,7,0,0
2017-09-01,0,0,0,0,4,5,0,9,0,0
2017-09-02,0,0,0,0,21,9,3,8,0,0
2017-09-03,0,0,0,0,6,5,3,8,0,0
2017-09-04,0,0,0,0,7,12,1,20,0,0
2017-09-05,0,0,0,0,4,11,2,46,0,0
2017-09-06,0,0,0,0,4,8,6,11,0,0
2017-09-07,0,0,0,0,4,8,1,17,0,0
2017-09-08,0,0,0,0,7,8,21,3,0,0
2017-09-09,0,0,0,0,8,10,1,12,0,0
2017-09-10,0,0,0,0,3,9,2,11,0,0
2017-09-11,0,0,0,0,8,3,5,8,0,0
2017-09-12,0,0,0,0,4,8,2,19,0,0
2017-09-13,0,0,0,0,4,6,0,11,0,0
2017-09-14,0,0,0,0,4,4,0,28,0,0
2017-09-15,0,0,0,0,3,4,2,20,0,0
2017-09-16,0,0,0,0,5,1,4,4,0,0
2017-09-17,0,0,0,0,4,6,1,6,0,0
2017-09-18,0,0,0,0,4,1,0,8,0,0
2017-09-19,0,0,0,0,9,3,0,3,0,0
2017-09-20,0,0,0,0,5,4,1,7,0,0
2017-09-21,0,0,0,0,6,6,2,11,0,0
2017-09-22,0,0,0,0,5,6,5,7,0,0
2017-09-23,0,0,0,0,8,4,0,9,0,0
2017-09-24,0,0,0,0,5,4,2,8,0,0
2017-09-25,0,0,0,0,4,3,0,7,0,0
2017-09-26,0,0,0,0,4,3,0,7,0,0
2017-09-27,0,0,0,0,5,1,0,5,0,0
2017-09-28,0,0,0,0,3,5,1,4,0,0
2017-09-29,0,0,0,0,4,3,1,2,0,0
2017-09-30,0,0,0,0,1,4,3,5,0,0
2017-10-01,0,0,0,0,7,5,1,4,0,0
2017-10-02,0,0,0,0,5,6,1,9,0,0
2017-10-03,0,0,0,0,3,6,2,3,0,0
2017-10-04,0,0,0,0,4,1,1,5,0,0
2017-10-05,0,0,0,0,3,7,2,4,0,0
2017-10-06,0,0,0,0,5,3,3,6,0,0
2017-10-07,0,0,0,0,1,2,0,6,0,0
2017-10-08,0,0,0,0,2,3,0,5,0,0
2017-10-09,0,0,0,0,5,6,0,8,0,0
2017-10-10,0,0,0,0,2,8,0,5,0,0
2017-10-11,0,0,0,0,6,9,0,5,0,0
2017-10-12,0,0,0,0,2,4,0,5,0,0
2017-10-13,0,0,0,0,0,1,1,7,0,0
2017-10-14,0,0,0,0,1,6,1,7,0,0
2017-10-15,0,0,0,0,3,0,0,2,0,0
2017-10-16,0,0,0,0,3,2,0,6,0,0
2017-10-17,0,0,0,0,2,3,2,6,0,0
2017-10-18,0,0,0,0,1,2,0,5,0,0
2017-10-19,0,0,0,0,7,11,0,4,0,0
2017-10-20,0,0,0,0,2,1,1,7,0,0
2017-10-21,0,0,0,0,5,3,0,0,0,0
2017-10-22,0,0,0,0,5,3,4,6,0,0
2017-10-23,0,0,0,0,10,2,3,4,0,0
2017-10-24,0,0,0,0,6,2,2,2,0,0
2017-10-25,0,0,0,0,9,2,1,5,0,0
2017-10-26,0,0,0,0,5,5,3,3,0,0
2017-10-27,0,0,0,0,10,1,1,6,0,0
2017-10-28,0,0,0,0,1,6,0,8,0,0
2017-10-29,0,0,0,0,3,2,1,5,0,0
2017-10-30,0,0,0,0,4,6,2,5,0,0
2017-10-31,0,0,0,0,1,5,0,6,0,0
2017-11-01,0,0,0,0,6,5,0,7,0,0
2017-11-02,0,0,0,0,7,3,0,7,0,0
2017-11-03,0,0,0,0,5,45,4,5,0,0
2017-11-04,0,0,0,0,10,2,2,5,0,0
2017-11-05,0,0,0,0,1,0,0,3,0,0
2017-11-06,0,0,0,0,1,2,2,5,0,0
2017-11-07,0,0,0,0,3,4,1,3,0,0
2017-11-08,0,0,0,0,10,3,0,3,0,0
2017-11-09,0,0,0,0,6,5,1,6,0,0
2017-11-10,0,0,0,0,7,7,1,2,0,0
2017-11-11,0,0,0,0,6,1,2,6,0,0
2017-11-12,0,0,0,0,10,1,0,2,0,0
2017-11-13,0,0,0,0,4,1,1,2,0,0
2017-11-14,0,0,0,0,5,0,2,2,0,0
2017-11-15,0,0,0,0,3,4,0,2,0,0
2017-11-16,0,0,0,0,2,3,1,4,0,0
2017-11-17,0,0,0,0,10,4,1,8,0,0
2017-11-18,0,0,0,0,9,4,0,2,0,0
2017-11-19,0,0,0,0,2,7,1,5,0,0
2017-11-20,0,0,0,0,1,7,3,2,0,0
2017-11-21,0,0,0,0,5,5,1,7,0,0
2017-11-22,0,0,0,0,1,2,0,2,0,0
2017-11-23,0,0,0,0,2,3,0,5,0,0
2017-11-24,0,0,0,0,2,6,0,2,0,0
2017-11-25,0,0,0,0,2,0,1,4,0,0
2017-11-26,0,0,0,0,5,45,0,8,0,0
2017-11-27,0,0,0,0,7,4,3,10,0,0
2017-11-28,0,0,0,0,4,2,0,7,0,0
2017-11-29,0,0,0,0,4,3,0,6,0,0
2017-11-30,0,0,0,0,6,6,1,4,0,0
2017-12-01,0,0,0,0,2,1,1,1,0,0
2017-12-02,0,0,0,0,5,3,3,4,0,0
2017-12-03,0,0,0,0,3,2,0,3,0,0
2017-12-04,0,0,0,0,6,2,0,5,0,0
2017-12-05,0,0,0,0,3,4,0,5,0,0
2017-12-06,0,0,0,0,1,0,0,4,0,0
2017-12-07,0,0,0,0,7,2,1,8,0,0
2017-12-08,0,0,0,0,1,1,2,3,0,0
2017-12-09,0,0,0,0,3,4,3,1,0,0
2017-12-10,0,0,0,0,2,2,1,4,0,0
2017-12-11,0,0,0,0,1,13,1,7,0,0
2017-12-12,0,0,0,0,3,3,2,3,0,0
2017-12-13,0,0,0,0,3,2,1,3,0,0
2017-12-14,0,0,0,0,7,2,1,5,0,0
2017-12-15,0,0,0,0,4,3,1,6,0,0
2017-12-16,0,0,0,0,2,2,2,3,0,0
2017-12-17,0,0,0,0,9,2,0,5,0,0
2017-12-18,0,0,0,0,5,1,2,13,0,0
2017-12-19,0,0,0,0,4,5,0,6,0,0
2017-12-20,0,0,0,0,2,2,3,0,0,0
2017-12-21,0,0,0,0,7,3,0,7,0,0
2017-12-22,0,0,0,0,1,6,1,5,0,0
2017-12-23,0,0,0,0,4,4,0,10,0,0
2017-12-24,0,0,0,0,13,3,0,8,0,0
2017-12-25,0,0,0,0,2,0,0,2,0,0
2017-12-26,0,0,0,0,6,3,0,2,0,0
2017-12-27,0,0,0,0,8,3,0,6,0,0
2017-12-28,0,0,0,0,4,2,4,7,0,0
2017-12-29,0,0,0,0,5,3,2,7,0,0
2017-12-30,0,0,0,0,4,0,6,12,0,0
2017-12-31,0,0,0,0,4,8,0,2,0,0
2018-01-01,0,0,0,0,5,5,2,5,0,0
2018-01-02,0,0,0,0,5,3,1,2,0,0
2018-01-03,0,0,0,0,7,5,0,5,0,0
2018-01-04,0,0,0,0,9,4,1,11,0,0
2018-01-05,0,0,0,0,6,3,5,4,0,0
2018-01-06,0,0,0,0,1,5,4,7,0,0
2018-01-07,0,0,0,0,11,2,3,7,0,0
2018-01-08,0,0,0,0,2,1,4,6,0,0
2018-01-09,0,0,0,0,3,2,3,5,0,0
2018-01-10,0,0,0,0,6,2,3,2,0,0
2018-01-11,0,0,0,0,4,7,5,8,0,0
2018-01-12,0,0,0,0,9,5,1,10,0,0
2018-01-13,0,0,0,0,4,4,4,9,0,0
2018-01-14,0,0,0,0,6,5,6,3,0,0
2018-01-15,0,0,0,0,9,3,2,6,0,0
2018-01-16,0,0,0,0,4,0,4,7,0,0
2018-01-17,0,0,0,0,4,5,0,8,0,0
2018-01-18,0,0,0,0,7,2,0,5,0,0
2018-01-19,0,0,0,0,6,3,0,3,0,0
2018-01-20,0,0,0,0,5,5,0,3,0,0
2018-01-21,0,0,0,0,9,8,0,8,0,0
2018-01-22,0,0,0,0,2,1,0,8,0,0
2018-01-23,0,0,0,0,7,7,0,2,0,0
2018-01-24,0,0,0,0,5,2,0,6,0,0
2018-01-25,0,0,0,0,6,6,1,4,0,0
2018-01-26,0,0,0,0,9,4,1,3,0,0
2018-01-27,0,0,0,0,5,3,2,2,0,0
2018-01-28,0,0,0,0,4,4,3,1,0,0
2018-01-29,0,0,0,0,6,7,2,7,0,0
2018-01-30,0,0,0,0,6,3,1,4,0,0
2018-01-31,0,0,0,0,5,7,0,6,0,0
2018-02-01,0,0,0,0,3,6,2,3,0,0
2018-02-02,0,0,0,0,5,4,1,3,0,0
2018-02-03,0,0,0,0,7,2,1,3,0,0
2018-02-04,0,0,0,0,3,5,3,8,0,0
2018-02-05,0,0,0,0,1,3,0,3,0,0
2018-02-06,0,0,0,0,8,3,0,10,0,0
2018-02-07,0,0,0,0,6,42,1,6,0,0
2018-02-08,0,0,0,0,9,4,1,10,0,0
2018-02-09,0,0,0,0,3,10,0,4,0,0
2018-02-10,0,0,0,0,5,6,1,4,0,0
2018-02-11,0,0,0,0,9,5,1,6,0,0
2018-02-12,0,0,0,0,8,4,1,4,0,0
2018-02-13,0,0,0,0,4,6,0,7,0,0
2018-02-14,0,0,0,0,4,2,0,5,0,0
2018-02-15,0,0,0,0,11,5,1,1,0,0
2018-02-16,0,0,0,0,12,4,0,3,0,0
2018-02-17,0,0,0,0,9,6,1,7,0,0
2018-02-18,0,0,0,0,6,4,0,1,0,0
2018-02-19,0,0,0,0,6,2,0,7,0,0
2018-02-20,0,0,0,0,3,7,0,24,0,0
2018-02-21,0,0,0,0,7,9,0,21,0,0
2018-02-22,0,0,0,0,5,6,1,8,0,0
2018-02-23,0,0,0,0,11,3,1,2,0,0
2018-02-24,0,0,0,0,8,6,2,5,0,0
2018-02-25,0,0,0,0,10,4,3,8,0,0
2018-02-26,0,0,0,0,10,4,0,7,0,0
2018-02-27,0,0,0,0,3,10,2,6,0,0
2018-02-28,0,0,0,0,27,6,1,5,0,0
2018-03-01,0,0,0,0,35,2,1,2,0,0
2018-03-02,0,0,0,0,62,3,0,6,0,0
2018-03-03,0,0,0,0,103,1,1,7,0,0
2018-03-04,0,0,0,0,73,4,2,22,0,0
2018-03-05,0,0,0,0,30,10,1,17,0,0
2018-03-06,0,0,0,0,18,7,1,24,0,0
2018-03-07,0,0,0,0,15,5,3,11,0,0
2018-03-08,0,0,0,0,18,7,2,16,0,0
2018-03-09,0,0,0,0,18,5,1,26,0,0
2018-03-10,0,0,0,0,9,5,0,14,0,0
2018-03-11,0,0,0,0,3,11,0,11,0,0
2018-03-12,0,0,0,0,8,8,0,8,0,0
2018-03-13,0,0,0,0,8,4,1,8,0,0
2018-03-14,0,0,0,0,8,5,0,11,0,0
2018-03-15,0,0,0,0,1,2,1,3,0,0
2018-03-16,0,0,0,0,5,3,2,2,0,0
2018-03-17,0,0,0,0,5,4,0,5,0,0
2018-03-18,0,0,0,0,5,3,1,4,0,0
2018-03-19,0,0,0,0,4,11,3,12,0,0
2018-03-20,0,0,0,0,7,12,2,14,0,0
2018-03-21,0,0,0,0,6,22,2,8,0,0
2018-03-22,0,0,0,0,8,7,2,9,0,0
2018-03-23,0,0,0,0,6,4,0,8,0,0
2018-03-24,0,0,0,0,2,12,0,10,0,0
2018-03-25,0,0,0,0,5,7,0,8,0,0
2018-03-26,0,0,0,0,3,7,3,3,0,0
2018-03-27,0,0,0,0,4,3,0,5,0,0
2018-03-28,0,0,0,0,2,12,1,9,0,0
2018-03-29,0,0,0,0,4,1,2,4,0,0
2018-03-30,0,0,0,0,15,8,1,8,0,0
2018-03-31,0,0,0,0,2,2,1,9,0,0
2018-04-01,0,0,0,0,2,17,1,10,0,0
2018-04-02,0,0,0,0,4,7,2,12,0,0
2018-04-03,0,0,0,0,6,8,1,7,0,0
2018-04-04,0,0,0,0,4,4,1,23,0,0
2018-04-05,0,0,0,0,7,4,0,16,0,0
2018-04-06,0,0,0,0,5,5,1,9,0,0
2018-04-07,0,0,0,0,5,3,1,9,0,0
2018-04-08,0,0,0,0,11,9,4,9,0,0
2018-04-09,0,0,0,0,6,4,1,4,0,0
2018-04-10,0,0,0,0,6,4,3,13,0,0
2018-04-11,0,0,0,0,10,4,1,2,0,0
2018-04-12,0,0,0,0,5,1,3,4,0,0
2018-04-13,0,0,0,0,0,20,1,12,0,0
2018-04-14,0,0,0,0,3,13,0,9,0,0
2018-04-15,0,0,0,0,13,16,2,25,0,0
2018-04-16,0,0,0,0,3,9,1,16,0,0
2018-04-17,0,0,0,0,6,8,1,8,0,0
2018-04-18,0,0,0,0,4,9,0,19,0,0
2018-04-19,0,0,0,0,3,8,1,4,0,0
2018-04-20,0,0,0,0,9,2,2,11,0,0
2018-04-21,0,0,0,0,4,2,0,6,0,0
2018-04-22,0,0,0,0,6,0,1,20,0,0
2018-04-23,0,0,0,0,4,7,0,5,0,0
2018-04-24,0,0,0,0,0,8,3,8,0,0
2018-04-25,0,0,0,0,4,3,0,11,0,0
2018-04-26,0,0,0,0,2,6,4,8,0,0
2018-04-27,0,0,0,0,6,3,2,3,0,0
2018-04-28,0,0,0,0,3,345,2,5,0,0
2018-04-29,0,0,0,0,3,300,2,18,0,0
2018-04-30,0,0,0,0,5,179,1,5,0,0
2018-05-01,0,0,0,0,5,190,0,6,0,0
2018-05-02,0,0,0,0,0,129,1,4,0,0
2018-05-03,0,0,0,0,4,58,1,8,0,0
2018-05-04,0,0,0,0,1,45,0,7,0,0
2018-05-05,0,0,0,0,4,40,4,5,0,0
2018-05-06,0,0,0,0,4,19,1,9,0,0
2018-05-07,0,0,0,0,0,11,1,8,0,0
2018-05-08,0,0,0,0,3,7,1,12,0,0
2018-05-09,0,0,0,0,4,11,0,7,0,0
2018-05-10,0,0,0,0,4,10,0,14,0,0
2018-05-11,0,0,0,0,7,5,1,12,0,0
2018-05-12,0,0,0,0,5,9,4,4,0,0
2018-05-13,0,0,0,0,1,4,14,9,0,0
2018-05-14,0,0,0,0,2,8,3,19,0,0
2018-05-15,0,0,0,0,7,7,0,13,0,0
2018-05-16,0,0,0,0,6,6,1,13,0,0
2018-05-17,0,0,0,0,0,4,0,6,0,0
2018-05-18,0,0,0,0,6,5,2,10,0,0
2018-05-19,0,0,0,0,7,6,0,10,0,0
2018-05-20,0,0,0,0,5,2,1,13,0,0
2018-05-21,0,0,0,0,3,1,0,7,0,0
2018-05-22,0,0,0,0,2,14,1,9,0,0
2018-05-23,0,0,0,0,6,11,0,10,0,0
2018-05-24,0,0,0,0,4,6,0,16,0,0
2018-05-25,0,0,0,0,3,7,6,8,0,0
2018-05-26,0,0,0,0,6,10,0,14,0,0
2018-05-27,0,0,0,0,4,6,2,5,0,0
2018-05-28,0,0,0,0,2,11,2,8,0,0
2018-05-29,0,0,0,0,3,5,1,12,0,0
2018-05-30,0,0,0,0,3,13,0,3,0,0
2018-05-31,0,0,0,0,4,23,2,5,0,0
2018-06-01,0,0,0,0,3,9,0,1,0,0
2018-06-02,0,0,0,0,4,10,1,4,0,0
2018-06-03,0,0,0,0,5,6,2,7,0,0
2018-06-04,0,0,0,0,4,9,3,9,0,0
2018-06-05,0,0,0,0,2,4,1,4,0,0
2018-06-06,0,0,0,0,2,6,1,6,0,0
2018-06-07,0,0,0,0,4,6,2,6,0,0
2018-06-08,0,0,0,0,3,8,0,4,0,0
2018-06-09,0,0,0,0,5,6,0,16,0,0
2018-06-10,0,0,0,0,3,11,0,16,0,0
2018-06-11,0,0,0,0,8,4,1,8,0,0
2018-06-12,0,0,0,0,8,5,0,27,0,0
2018-06-13,0,0,0,0,1,5,0,25,0,0
2018-06-14,0,0,0,0,1,5,1,13,0,0
2018-06-15,0,0,0,0,9,12,2,14,0,0
2018-06-16,0,0,0,0,2,4,0,11,0,0
2018-06-17,0,0,0,0,2,20,4,13,0,0
2018-06-18,0,0,0,0,2,3,4,6,0,0
2018-06-19,0,0,0,0,5,3,0,10,0,0
2018-06-20,0,0,0,0,5,3,4,32,0,0
2018-06-21,0,0,0,0,3,5,2,10,0,0
2018-06-22,0,0,0,0,3,9,1,8,0,0
2018-06-23,0,0,0,0,11,7,1,9,0,0
2018-06-24,0,0,0,0,11,1,0,6,0,0
2018-06-25,0,0,0,0,8,2,1,6,0,0
2018-06-26,0,0,0,0,8,2,0,4,0,0
2018-06-27,0,0,0,0,0,6,1,6,0,0
2018-06-28,0,0,0,0,3,5,1,7,0,0
2018-06-29,0,0,0,0,3,2,2,10,0,0
2018-06-30,0,0,0,0,10,3,0,16,0,0
2018-07-01,0,0,0,0,5,1,0,26,0,0
2018-07-02,0,0,0,0,7,3,1,11,0,0
2018-07-03,0,0,0,0,5,6,1,9,0,0
2018-07-04,0,0,0,0,4,6,0,5,0,0
2018-07-05,0,0,0,0,1,8,2,11,0,0
2018-07-06,0,0,0,0,3,2,3,11,0,0
2018-07-07,0,0,0,0,6,8,2,54,0,0
2018-07-08,0,0,0,0,4,8,0,91,0,0
2018-07-09,0,0,0,0,3,5,3,35,0,0
2018-07-10,0,0,0,0,3,4,6,49,0,0
2018-07-11,0,0,0,0,5,6,3,66,0,0
2018-07-12,0,0,0,0,4,15,0,80,0,0
2018-07-13,0,0,0,0,7,16,3,78,0,0
2018-07-14,0,0,0,0,4,17,2,92,0,0
2018-07-15,0,0,0,0,3,25,1,92,0,0
2018-07-16,0,0,0,0,6,6,3,35,0,0
2018-07-17,0,0,0,0,2,14,2,119,0,0
2018-07-18,0,0,0,0,5,7,1,98,0,0
2018-07-19,0,0,0,0,6,13,0,180,0,0
2018-07-20,0,0,0,0,4,20,1,54,0,0
2018-07-21,0,0,0,0,5,19,5,166,0,0
2018-07-22,0,0,0,0,4,13,1,145,0,0
2018-07-23,0,0,0,0,12,15,3,43,0,0
2018-07-24,0,0,0,0,7,10,8,99,0,0
2018-07-25,0,0,0,0,4,16,2,60,0,0
2018-07-26,0,0,0,0,8,13,3,104,0,0
2018-07-27,0,0,0,0,5,7,5,86,0,0
2018-07-28,0,0,0,0,5,21,4,102,0,0
2018-07-29,0,0,0,0,4,28,8,86,0,0
2018-07-30,0,0,0,0,9,12,7,31,0,0
2018-07-31,0,0,0,0,6,10,2,21,0,0
2018-08-01,0,0,0,0,5,13,1,55,0,0
2018-08-02,0,0,0,0,10,15,3,201,0,0
2018-08-03,0,0,0,0,10,10,1,116,0,0
2018-08-04,0,0,0,0,12,6,1,48,0,0
2018-08-05,0,0,0,0,12,13,3,118,0,0
2018-08-06,0,0,0,0,13,10,2,48,0,0
2018-08-07,0,0,0,0,7,6,0,6,0,0
2018-08-08,0,0,0,0,10,5,1,11,0,0
2018-08-09,0,0,0,0,7,5,0,11,0,0
2018-08-10,0,0,0,0,4,6,4,4,0,0
2018-08-11,0,0,0,0,9,2,2,30,0,0
2018-08-12,0,0,0,0,3,6,4,17,0,0
2018-08-13,0,0,0,0,6,6,3,22,0,0
2018-08-14,0,0,0,0,4,2,0,21,0,0
2018-08-15,0,0,0,0,9,4,2,11,0,0
2018-08-16,0,0,0,0,5,1,1,9,0,0
2018-08-17,0,0,0,0,4,3,3,8,0,0
2018-08-18,0,0,0,0,2,5,1,4,0,0
2018-08-19,0,0,0,0,9,13,5,11,0,0
2018-08-20,0,0,0,0,3,10,8,20,0,0
2018-08-21,0,0,0,0,9,9,2,17,0,0
2018-08-22,0,0,0,0,4,7,3,8,0,0
2018-08-23,0,0,0,0,8,6,4,8,0,0
2018-08-24,0,0,0,0,2,1,1,1,0,0
2018-08-25,0,0,0,0,2,7,1,7,0,0
2018-08-26,0,0,0,0,4,5,4,9,0,0
2018-08-27,0,0,0,0,7,4,1,8,0,0
2018-08-28,0,0,0,0,4,2,1,6,0,0
2018-08-29,0,0,0,0,4,9,4,5,0,0
2018-08-30,0,0,0,0,4,6,1,8,0,0
2018-08-31,0,0,0,0,5,4,2,5,0,0
2018-09-01,0,0,0,0,8,4,2,11,0,0
2018-09-02,0,0,0,0,14,6,4,6,0,0
2018-09-03,0,0,0,0,10,7,2,7,0,0
2018-09-04,0,0,0,0,5,7,2,14,0,0
2018-09-05,0,0,0,0,9,10,0,22,0,0
2018-09-06,0,0,0,0,4,3,1,18,0,0
2018-09-07,0,0,0,0,3,3,7,14,0,0
2018-09-08,0,0,0,0,5,10,1,8,0,0
2018-09-09,0,0,0,0,1,8,3,8,0,0
2018-09-10,0,0,0,0,6,5,1,9,0,0
2018-09-11,0,0,0,0,4,6,2,11,0,0
2018-09-12,0,0,0,0,4,2,3,5,0,0
2018-09-13,0,0,0,0,5,13,0,7,0,0
2018-09-14,0,0,0,0,2,1,0,13,0,0
2018-09-15,0,0,0,0,1,4,0,6,0,0
2018-09-16,0,0,0,0,7,6,0,14,0,0
2018-09-17,0,0,0,0,2,4,2,5,0,0
2018-09-18,0,0,0,0,6,5,1,3,0,0
2018-09-19,0,0,0,0,8,3,1,6,0,0
2018-09-20,0,0,0,0,4,6,1,11,0,0
2018-09-21,0,0,0,0,5,6,1,4,0,0
2018-09-22,0,0,0,0,3,3,0,7,0,0
2018-09-23,0,0,0,0,4,3,1,1,0,0
2018-09-24,0,0,0,0,2,5,7,7,0,0
2018-09-25,0,0,0,0,5,3,2,6,0,0
2018-09-26,0,0,0,0,3,4,2,8,0,0
2018-09-27,0,0,0,0,2,4,1,9,0,0
2018-09-28,0,0,0,0,5,0,3,7,0,0
2018-09-29,0,0,0,0,3,3,0,3,0,0
2018-09-30,0,0,0,0,10,3,1,7,0,0
2018-10-01,0,0,0,0,2,2,1,6,0,0
2018-10-02,0,0,0,0,7,2,1,1,0,0
2018-10-03,0,0,0,0,3,4,1,2,0,0
2018-10-04,0,0,0,0,4,0,0,4,0,0
2018-10-05,0,0,0,0,3,3,1,6,0,0
2018-10-06,0,0,0,0,4,0,0,9,0,0
2018-10-07,0,0,0,0,2,6,0,11,0,0
2018-10-08,0,0,0,0,2,4,0,8,0,0
2018-10-09,0,0,0,0,3,4,0,4,0,0
2018-10-10,0,0,0,0,3,3,7,5,0,0
2018-10-11,0,0,0,0,2,2,2,4,0,0
2018-10-12,0,0,0,0,2,2,0,3,0,0
2018-10-13,0,0,0,0,6,0,3,4,0,0
2018-10-14,0,0,0,0,14,1,0,1,0,0
2018-10-15,0,0,0,0,10,2,0,2,0,0
2018-10-16,0,0,0,0,9,1,0,7,0,0
2018-10-17,0,0,0,0,5,0,2,6,0,0
2018-10-18,0,0,0,0,4,6,0,5,0,0
2018-10-19,0,0,0,0,7,2,1,8,0,0
2018-10-20,0,0,0,0,3,6,1,3,0,0
2018-10-21,0,0,0,0,11,5,3,1,0,0
2018-10-22,0,0,0,0,0,2,0,4,0,0
2018-10-23,0,0,0,0,3,2,3,5,0,0
2018-10-24,0,0,0,0,7,10,1,7,0,0
2018-10-25,0,0,0,0,4,1,0,8,0,0
2018-10-26,0,0,0,0,3,3,0,8,0,0
2018-10-27,0,0,0,0,3,0,1,5,0,0
2018-10-28,0,0,0,0,3,2,3,7,0,0
2018-10-29,0,0,0,0,8,1,2,5,0,0
2018-10-30,0,0,0,0,4,4,1,2,0,0
2018-10-31,0,0,0,0,3,3,1,3,0,0
2018-11-01,0,0,0,0,2,0,0,2,0,0
2018-11-02,0,0,0,0,1,6,1,9,0,0
2018-11-03,0,0,0,0,3,2,1,3,0,0
2018-11-04,0,0,0,0,6,0,0,3,0,0
2018-11-05,0,0,0,0,0,5,0,2,0,0
2018-11-06,0,0,0,0,3,3,0,4,0,0
2018-11-07,0,0,0,0,2,1,1,3,0,0
2018-11-08,0,0,0,0,2,1,0,8,0,0
2018-11-09,0,0,0,0,2,6,0,3,0,0
2018-11-10,0,0,0,0,7,0,1,4,0,0
2018-11-11,0,0,0,0,5,2,1,9,0,0
2018-11-12,0,0,0,0,4,0,0,4,0,0
2018-11-13,0,0,0,0,7,4,3,5,0,0
2018-11-14,0,0,0,0,2,0,1,2,0,0
2018-11-15,0,0,0,0,4,2,5,3,0,0
2018-11-16,0,0,0,0,7,5,6,7,0,0
2018-11-17,0,0,0,0,5,3,9,5,0,0
2018-11-18,0,0,0,0,4,1,1,6,0,0
2018-11-19,0,0,0,0,5,4,1,4,0,0
2018-11-20,0,0,0,0,5,1,0,6,0,0
2018-11-21,0,0,0,0,4,0,0,11,0,0
2018-11-22,0,0,0,0,2,1,1,7,0,0
2018-11-23,0,0,0,0,6,9,0,13,0,0
2018-11-24,0,0,0,0,3,7,1,6,0,0
2018-11-25,0,0,0,0,2,7,2,7,0,0
2018-11-26,0,0,0,0,4,2,1,4,0,0
2018-11-27,0,0,0,0,2,5,0,4,0,0
2018-11-28,0,0,0,0,2,4,3,8,0,0
2018-11-29,0,0,0,0,2,1,2,4,0,0
2018-11-30,0,0,0,0,7,0,1,3,0,0
2018-12-01,0,0,0,0,5,1,1,2,0,0
2018-12-02,0,0,0,0,6,4,3,1,0,0
2018-12-03,0,0,0,0,6,1,2,3,0,0
2018-12-04,0,0,0,0,2,3,2,7,0,0
2018-12-05,0,0,0,0,8,1,0,5,0,0
2018-12-06,0,0,0,0,4,3,0,9,0,0
2018-12-07,0,0,0,0,4,1,1,4,0,0
2018-12-08,0,0,0,0,1,4,2,6,0,0
2018-12-09,0,0,0,0,9,2,1,4,0,0
2018-12-10,0,0,0,0,5,3,1,1,0,0
2018-12-11,0,0,0,0,2,3,0,4,0,0
2018-12-12,0,0,0,0,4,2,3,4,0,0
2018-12-13,0,0,0,0,1,3,3,9,0,0
2018-12-14,0,0,0,0,6,2,2,2,0,0
2018-12-15,0,0,0,0,3,4,2,4,0,0
2018-12-16,0,0,0,0,14,2,2,5,0,0
2018-12-17,0,0,0,0,1,3,2,6,0,0
2018-12-18,0,0,0,0,4,1,0,5,0,0
2018-12-19,0,0,0,0,7,1,0,6,0,0
2018-12-20,0,0,0,0,4,4,0,1,0,0
2018-12-21,0,0,0,0,4,5,0,0,0,0
2018-12-22,0,0,0,0,1,3,3,3,0,0
2018-12-23,0,0,0,0,4,2,2,1,0,0
2018-12-24,0,0,0,0,2,3,3,6,0,0
2018-12-25,0,0,0,0,2,4,4,6,0,0
2018-12-26,0,0,0,0,5,5,0,5,0,0
2018-12-27,0,0,0,0,4,2,3,5,0,0
2018-12-28,0,0,0,0,1,6,3,5,0,0
2018-12-29,0,0,0,0,8,4,1,1,0,0
2018-12-30,0,0,0,0,0,8,5,4,0,0
2018-12-31,0,0,0,0,1,4,4,10,0,0
2019-01-01,0,0,0,0,3,2,4,5,0,0
2019-01-02,0,0,0,0,5,5,1,8,0,0
2019-01-03,0,0,0,0,0,7,4,1,0,0
2019-01-04,0,0,0,0,5,2,2,6,0,0
2019-01-05,0,0,0,0,6,2,3,10,0,0
2019-01-06,0,0,0,0,6,2,1,6,0,0
2019-01-07,0,0,0,0,4,4,2,6,0,0
2019-01-08,0,0,0,0,4,3,7,5,0,0
2019-01-09,0,0,0,0,14,7,1,13,0,0
2019-01-10,0,0,0,0,2,4,0,5,0,0
2019-01-11,0,0,0,0,4,7,1,2,0,0
2019-01-12,0,0,0,0,3,0,5,4,0,0
2019-01-13,0,0,0,0,6,3,2,7,0,0
2019-01-14,0,0,0,0,6,1,5,7,0,0
2019-01-15,0,0,0,0,5,1,0,4,0,0
2019-01-16,0,0,0,0,4,1,3,5,0,0
2019-01-17,0,0,0,0,4,2,1,4,0,0
2019-01-18,0,0,0,0,3,1,2,8,0,0
2019-01-19,0,0,0,0,3,2,5,2,0,0
2019-01-20,0,0,0,0,8,9,2,8,0,0
2019-01-21,0,0,0,0,3,3,1,8,0,0
2019-01-22,0,0,0,0,2,2,6,10,0,0
2019-01-23,0,0,0,0,2,2,0,3,0,0
2019-01-24,0,0,0,0,4,5,1,5,0,0
2019-01-25,0,0,0,0,2,3,0,5,0,0
2019-01-26,0,0,0,0,8,0,1,6,0,0
2019-01-27,0,0,0,0,5,2,2,4,0,0
2019-01-28,0,0,0,0,7,3,3,6,0,0
2019-01-29,0,0,0,0,5,5,1,4,0,0
2019-01-30,0,0,0,0,3,4,1,3,0,0
2019-01-31,0,0,0,0,2,9,2,6,0,0
2019-02-01,0,0,0,0,11,5,3,3,0,0
2019-02-02,0,0,0,0,8,0,1,6,0,0
2019-02-03,0,0,0,0,5,2,3,5,0,0
2019-02-04,0,0,0,0,6,1,4,6,0,0
2019-02-05,0,0,0,0,6,4,4,8,0,0
2019-02-06,0,0,0,0,1,1,2,6,0,0
2019-02-07,0,0,0,0,11,6,3,3,0,0
2019-02-08,0,0,0,0,10,11,0,9,0,0
2019-02-09,0,0,0,0,5,3,2,3,0,0
2019-02-10,0,0,0,0,3,5,1,6,0,0
2019-02-11,0,0,0,0,4,1,2,3,0,0
2019-02-12,0,0,0,0,10,3,5,6,0,0
2019-02-13,0,0,0,0,2,1,2,3,0,0
2019-02-14,0,0,0,0,0,6,1,9,0,0
2019-02-15,0,0,0,0,6,6,0,3,0,0
2019-02-16,0,0,0,0,4,4,4,5,0,0
2019-02-17,0,0,0,0,5,4,2,4,0,0
2019-02-18,0,0,0,0,7,3,2,3,0,0
2019-02-19,0,0,0,0,5,5,1,4,0,0
2019-02-20,0,0,0,0,7,1,0,5,0,0
2019-02-21,0,0,0,0,6,3,1,5,0,0
2019-02-22,0,0,0,0,5,2,7,8,0,0
2019-02-23,0,0,0,0,10,1,1,11,0,0
2019-02-24,0,0,0,0,5,4,3,8,0,0
2019-02-25,0,0,0,0,9,4,5,11,0,0
2019-02-26,0,0,0,0,11,5,4,4,0,0
2019-02-27,0,0,0,0,33,2,2,7,0,0
2019-02-28,0,0,0,0,21,5,0,7,0,0
2019-03-01,0,0,0,0,13,3,4,9,0,0
2019-03-02,0,0,0,0,11,2,4,4,0,0
2019-03-03,0,0,0,0,10,9,1,7,0,0
2019-03-04,0,0,0,0,7,1,0,6,0,0
2019-03-05,0,0,0,0,8,2,0,5,0,0
2019-03-06,0,0,0,0,7,5,1,3,0,0
2019-03-07,0,0,0,0,4,4,1,1,0,0
2019-03-08,0,0,0,0,126,4,1,4,0,0
2019-03-09,0,0,0,0,801,3,1,4,0,0
2019-03-10,0,0,0,0,43400,5,2,8,0,0
2019-03-11,0,0,0,0,146448,3,0,5,0,0
2019-03-12,0,0,0,0,41141,4,1,6,0,0
2019-03-13,0,0,0,0,15710,2,1,4,0,0
2019-03-14,0,0,0,0,6665,7,0,6,0,0
2019-03-15,0,0,0,0,2965,2,3,7,0,0
2019-03-16,0,0,0,0,2272,3,7,3,0,0
2019-03-17,0,0,0,0,1897,6,3,11,0,0
2019-03-18,0,0,0,0,1640,4,1,6,0,0
2019-03-19,0,0,0,0,1898,5,2,11,0,0
2019-03-20,0,0,0,0,1066,4,0,11,0,0
2019-03-21,0,0,0,0,1071,5,3,12,0,0
2019-03-22,0,0,0,0,900,6,2,8,0,0
2019-03-23,0,0,0,0,788,4,4,3,0,0
2019-03-24,0,0,0,0,763,3,5,4,0,0
2019-03-25,0,0,0,0,765,7,0,4,0,0
2019-03-26,0,0,0,0,571,14,3,8,0,0
2019-03-27,0,0,0,0,538,20,7,5,0,0
2019-03-28,0,0,0,0,553,8,3,4,0,0
2019-03-29,0,0,0,0,481,4,7,5,0,0
2019-03-30,0,0,0,0,412,6,9,5,0,0
2019-03-31,0,0,0,0,414,8,1,4,0,0
2019-04-01,0,0,0,0,592,6,2,8,0,0
2019-04-02,0,0,0,0,547,5,1,10,0,0
2019-04-03,0,0,0,0,414,4,1,7,0,0
2019-04-04,0,0,0,0,356,5,3,11,0,0
2019-04-05,0,0,0,0,332,6,3,8,0,0
2019-04-06,0,0,0,0,269,5,2,9,0,0
2019-04-07,0,0,0,0,389,5,3,13,0,0
2019-04-08,0,0,0,0,2524,3,3,12,0,0
2019-04-09,0,0,0,0,5179,8,1,9,0,0
2019-04-10,0,0,0,0,996,1,3,5,0,0
2019-04-11,0,0,0,0,410,2,5,11,0,0
2019-04-12,0,0,0,0,433,4,6,11,0,0
2019-04-13,0,0,0,0,907,4,2,7,0,0
2019-04-14,0,0,0,0,435,3,3,37,0,0
2019-04-15,0,0,0,0,444,3,0,11,0,0
2019-04-16,0,0,0,0,314,4,3,5,0,0
2019-04-17,0,0,0,0,356,1,3,5,0,0
2019-04-18,0,0,0,0,353,6,1,12,0,0
2019-04-19,0,0,0,0,291,4,1,6,0,0
2019-04-20,0,0,0,0,262,3,2,6,0,0
2019-04-21,0,0,0,0,252,3,3,14,0,0
2019-04-22,0,0,0,0,244,3,0,4,0,0
2019-04-23,0,0,0,0,214,7,3,5,0,0
2019-04-24,0,0,0,0,231,2,0,13,0,0
2019-04-25,0,0,0,0,218,2,0,4,0,0
2019-04-26,0,0,0,0,213,7,0,2,0,0
2019-04-27,0,0,0,0,280,8,2,12,0,0
2019-04-28,0,0,0,0,203,7,1,62,0,0
2019-04-29,0,0,0,0,287,9,1,13,0,0
2019-04-30,0,0,0,0,250,3,1,8,0,0
2019-05-01,0,0,0,0,208,7,1,5,0,0
2019-05-02,0,0,0,0,192,1,1,8,0,0
2019-05-03,0,0,0,0,215,3,3,14,0,0
2019-05-04,0,0,0,0,169,4,1,10,0,0
2019-05-05,0,0,0,0,160,3,1,24,0,0
2019-05-06,0,0,0,0,179,8,1,5,0,0
2019-05-07,0,0,0,0,216,2,1,4,0,0
2019-05-08,0,0,0,0,161,3,1,6,0,0
2019-05-09,0,0,0,0,163,1,5,8,0,0
2019-05-10,0,0,0,0,191,9,3,2,0,0
2019-05-11,0,0,0,0,182,5,5,14,0,0
2019-05-12,0,0,0,0,219,4,0,2,0,0
2019-05-13,0,0,0,0,302,8,2,5,0,0
2019-05-14,0,0,0,0,242,2,4,9,0,0
2019-05-15,0,0,0,0,281,3,2,9,0,0
2019-05-16,0,0,0,0,218,6,1,6,0,0
2019-05-17,0,0,0,0,218,2,0,2,0,0
2019-05-18,0,0,0,0,169,0,3,5,0,0
2019-05-19,0,0,0,0,163,6,3,11,0,0
2019-05-20,0,0,0,0,173,3,1,5,0,0
2019-05-21,0,0,0,0,198,0,0,6,0,0
2019-05-22,0,0,0,0,267,3,0,5,0,0
2019-05-23,0,0,0,0,176,2,1,5,0,0
2019-05-24,0,0,0,0,146,6,2,11,0,0
2019-05-25,0,0,0,0,160,1,3,15,0,0
2019-05-26,0,0,0,0,158,4,2,9,0,0
2019-05-27,0,0,0,0,273,24,2,9,0,0
2019-05-28,0,0,0,0,269,2,2,5,0,0
2019-05-29,0,0,0,0,166,2,0,3,0,0
2019-05-30,0,0,0,0,139,3,1,10,0,0
2019-05-31,0,0,0,0,148,1,0,7,0,0
2019-06-01,0,0,0,0,471,3,1,4,0,0
2019-06-02,0,0,0,0,171,1,2,5,0,0
2019-06-03,0,0,0,0,167,1,2,5,0,0
2019-06-04,0,0,0,0,177,2,2,7,0,0
2019-06-05,0,0,0,0,173,2,1,5,0,0
2019-06-06,0,0,0,0,127,3,1,10,0,0
2019-06-07,0,0,0,0,140,9,1,7,0,0
2019-06-08,0,0,0,0,138,2,0,4,0,0
2019-06-09,0,0,0,0,148,4,0,6,0,0
2019-06-10,0,0,0,0,164,3,1,8,0,0
2019-06-11,0,0,0,0,137,2,2,10,0,0
2019-06-12,0,0,0,0,260,4,1,7,0,0
2019-06-13,0,0,0,0,224,7,3,29,0,0
2019-06-14,0,0,0,0,135,1,0,27,0,0
2019-06-15,0,0,0,0,205,5,2,25,0,0
2019-06-16,0,0,0,0,184,3,1,15,0,0
2019-06-17,0,0,0,0,218,8,6,15,0,0
2019-06-18,0,0,0,0,182,7,1,18,0,0
2019-06-19,0,0,0,0,166,3,1,17,0,0
2019-06-20,0,0,0,0,185,3,0,17,0,0
2019-06-21,0,0,0,0,153,2,1,12,0,0
2019-06-22,0,0,0,0,156,4,0,8,0,0
2019-06-23,0,0,0,0,155,4,1,7,0,0
2019-06-24,0,0,0,0,165,5,0,8,0,0
2019-06-25,0,0,0,0,147,2,1,9,0,0
2019-06-26,0,0,0,0,221,2,2,10,0,0
2019-06-27,0,0,0,0,172,1,1,4,0,0
2019-06-28,0,0,0,0,146,8,0,11,0,0
2019-06-29,0,0,0,0,167,7,0,13,0,0
2019-06-30,0,0,0,0,163,4,0,24,0,0
2019-07-01,0,0,0,0,164,3,3,19,0,0
2019-07-02,0,0,0,0,196,1,2,32,0,0
2019-07-03,0,0,0,0,193,9,1,12,0,0
2019-07-04,0,0,0,0,169,6,0,16,0,0
2019-07-05,0,0,0,0,168,7,2,20,0,0
2019-07-06,0,0,0,0,239,7,3,64,0,0
2019-07-07,0,0,0,0,187,6,3,66,0,0
2019-07-08,0,0,0,0,186,3,1,105,0,0
2019-07-09,0,0,0,0,209,10,4,89,0,0
2019-07-10,0,0,0,0,199,9,0,65,0,0
2019-07-11,0,0,0,0,158,16,2,107,0,0
2019-07-12,0,0,0,0,156,8,1,55,0,0
2019-07-13,0,0,0,0,130,14,2,69,0,0
2019-07-14,0,0,0,0,139,7,2,56,0,0
2019-07-15,0,0,0,0,384,15,1,65,0,0
2019-07-16,0,0,0,0,268,6,1,51,0,0
2019-07-17,0,0,0,0,152,5,3,41,0,0
2019-07-18,0,0,0,0,135,9,10,91,0,0
2019-07-19,0,0,0,0,167,13,4,66,0,0
2019-07-20,0,0,0,0,149,12,12,98,0,0
2019-07-21,0,0,0,0,157,14,3,178,0,0
2019-07-22,0,0,0,0,157,11,4,55,0,0
2019-07-23,0,0,0,0,177,9,2,91,0,0
2019-07-24,0,0,0,0,197,25,2,159,0,0
2019-07-25,0,0,0,0,185,12,11,173,0,0
2019-07-26,0,0,0,0,134,10,2,129,0,0
2019-07-27,0,0,0,0,159,6,2,152,0,0
2019-07-28,0,0,0,0,162,24,6,273,0,0
2019-07-29,0,0,0,0,2867,17,16,111,0,0
2019-07-30,0,0,0,0,3173,12,32,154,0,0
2019-07-31,0,0,0,0,831,6,0,12,0,0
2019-08-01,0,0,0,0,458,1,1,15,0,0
2019-08-02,0,0,0,0,3231,7,5,25,0,0
2019-08-03,0,0,0,0,1971,3,4,10,0,0
2019-08-04,0,0,0,0,1043,6,7,19,0,0
2019-08-05,0,0,0,0,446,2,4,14,0,0
2019-08-06,0,0,0,0,283,9,2,7,0,0
2019-08-07,0,0,0,0,191,4,0,11,0,0
2019-08-08,0,0,0,0,180,6,1,11,0,0
2019-08-09,0,0,0,0,138,2,0,12,0,0
2019-08-10,0,0,0,0,141,5,0,6,0,0
2019-08-11,0,0,0,0,205,2,2,12,0,0
2019-08-12,0,0,0,0,149,3,3,12,0,0
2019-08-13,0,0,0,0,159,2,4,10,0,0
2019-08-14,0,0,0,0,143,6,2,5,0,0
2019-08-15,0,0,0,0,122,6,2,5,0,0
2019-08-16,0,0,0,0,112,4,0,6,0,0
2019-08-17,0,0,0,0,122,3,5,10,0,0
2019-08-18,0,0,0,0,192,5,3,12,0,0
2019-08-19,0,0,0,0,165,3,5,11,0,0
2019-08-20,0,0,0,0,203,2,0,9,0,0
2019-08-21,0,0,0,0,127,14,2,8,0,0
2019-08-22,0,0,0,0,143,11,0,10,0,0
2019-08-23,0,0,0,0,176,4,0,15,0,0
2019-08-24,0,0,0,0,185,3,1,8,0,0
2019-08-25,0,0,0,0,167,2,2,7,0,0
2019-08-26,0,0,0,0,165,3,2,3,0,0
2019-08-27,0,0,0,0,130,4,1,8,0,0
2019-08-28,0,0,0,0,153,2,0,6,0,0
2019-08-29,0,0,0,0,159,3,3,5,0,0
2019-08-30,0,0,0,0,181,7,1,5,0,0
2019-08-31,0,0,0,0,217,0,0,8,0,0
2019-09-01,0,0,0,0,317,0,2,10,0,0
2019-09-02,0,0,0,0,169,2,0,7,0,0
2019-09-03,0,0,0,0,171,0,0,10,0,0
2019-09-04,0,0,0,0,180,2,2,9,0,0
2019-09-05,0,0,0,0,138,1,1,19,0,0
2019-09-06,0,0,0,0,124,1,3,12,0,0
2019-09-07,0,0,0,0,135,3,2,10,0,0
2019-09-08,0,0,0,0,147,2,3,13,0,0
2019-09-09,0,0,0,0,123,8,0,33,0,0
2019-09-10,0,0,0,0,220,6,0,8,0,0
2019-09-11,0,0,0,0,197,9,1,15,0,0
2019-09-12,0,0,0,0,163,2,2,11,0,0
2019-09-13,0,0,0,0,118,4,1,8,0,0
2019-09-14,0,0,0,0,143,5,2,6,0,0
2019-09-15,0,0,0,0,106,2,1,10,0,0
2019-09-16,0,0,0,0,168,1,0,10,0,0
2019-09-17,0,0,0,0,144,4,1,6,0,0
2019-09-18,0,0,0,0,113,3,1,7,0,0
2019-09-19,0,0,0,0,102,4,2,3,0,0
2019-09-20,0,0,0,0,123,1,2,1,0,0
2019-09-21,0,0,0,0,120,2,3,2,0,0
2019-09-22,0,0,0,0,109,5,3,2,0,0
2019-09-23,0,0,0,0,123,5,2,8,0,0
2019-09-24,0,0,0,0,161,0,0,4,0,0
2019-09-25,0,0,0,0,151,5,2,10,0,0
2019-09-26,0,0,0,0,143,14,1,4,0,0
2019-09-27,0,0,0,0,184,1,3,7,0,0
2019-09-28,0,0,0,0,166,1,2,8,0,0
2019-09-29,0,0,0,0,120,3,3,33,0,0
2019-09-30,0,0,0,0,121,2,3,18,0,0
2019-10-01,0,0,0,0,135,5,11,8,0,0
2019-10-02,0,0,0,0,99,3,1,11,0,0
2019-10-03,0,0,0,0,132,2,1,6,0,0
2019-10-04,0,0,0,0,103,2,2,3,0,0
2019-10-05,0,0,0,0,114,1,1,10,0,0
2019-10-06,0,0,0,0,114,1,0,11,0,0
2019-10-07,0,0,0,0,123,2,0,7,0,0
2019-10-08,0,0,0,0,104,5,2,5,0,0
2019-10-09,0,0,0,0,203,6,3,3,0,0
2019-10-10,0,0,0,0,139,7,2,4,0,0
2019-10-11,0,0,0,0,117,2,4,8,0,0
2019-10-12,0,0,0,0,132,5,0,6,0,0
2019-10-13,0,0,0,0,125,1,0,19,0,0
2019-10-14,0,0,0,0,151,8,0,10,0,0
2019-10-15,0,0,0,0,156,1,3,11,0,0
2019-10-16,0,0,0,0,118,2,1,3,0,0
2019-10-17,0,0,0,0,186,2,1,7,0,0
2019-10-18,0,0,0,0,172,19,4,7,0,0
2019-10-19,0,0,0,0,170,12,0,3,0,0
2019-10-20,0,0,0,0,150,2,0,7,0,0
2019-10-21,0,0,0,0,227,5,0,6,0,0
2019-10-22,0,0,0,0,232,5,0,7,0,0
2019-10-23,0,0,0,0,156,6,0,4,0,0
2019-10-24,0,0,0,0,155,6,2,3,0,0
2019-10-25,0,0,0,0,123,5,2,3,0,0
2019-10-26,0,0,0,0,111,1,0,5,0,0
2019-10-27,0,0,0,0,122,0,1,4,0,0
2019-10-28,0,0,0,0,118,6,2,4,0,0
2019-10-29,0,0,0,0,131,3,1,4,0,0
2019-10-30,0,0,0,0,109,6,1,6,0,0
2019-10-31,0,0,0,0,103,5,1,8,0,0
2019-11-01,0,0,0,0,136,2,4,4,0,0
2019-11-02,0,0,0,0,111,2,2,1,0,0
2019-11-03,0,0,0,0,588,1,0,0,0,0
2019-11-04,0,0,0,0,187,2,0,5,0,0
2019-11-05,0,0,0,0,123,1,2,4,0,0
2019-11-06,0,0,0,0,83,5,1,6,0,0
2019-11-07,0,0,0,0,134,3,1,2,0,0
2019-11-08,0,0,0,0,90,1,0,5,0,0
2019-11-09,0,0,0,0,157,5,2,4,0,0
2019-11-10,0,0,0,0,142,3,4,9,0,0
2019-11-11,0,0,0,0,160,1,2,2,0,0
2019-11-12,0,0,0,0,132,1,1,12,0,0
2019-11-13,0,0,0,0,126,4,5,6,0,0
2019-11-14,0,0,0,0,123,2,1,5,0,0
2019-11-15,0,0,0,0,107,0,2,5,0,0
2019-11-16,0,0,0,0,114,8,2,15,0,0
2019-11-17,0,0,0,0,111,5,1,4,0,0
2019-11-18,0,0,0,0,109,3,3,9,0,0
2019-11-19,0,0,0,0,105,2,5,7,0,0
2019-11-20,0,0,0,0,114,2,3,6,0,0
2019-11-21,0,0,0,0,118,3,1,5,0,0
2019-11-22,0,0,0,0,130,6,1,3,0,0
2019-11-23,0,0,0,0,121,2,2,5,0,0
2019-11-24,0,0,0,0,135,3,0,5,0,0
2019-11-25,0,0,0,0,127,2,3,3,0,0
2019-11-26,0,0,0,0,114,2,1,7,0,0
2019-11-27,0,0,0,0,111,0,1,3,0,0
2019-11-28,0,0,0,0,113,4,4,4,0,0
2019-11-29,0,0,0,0,84,1,1,4,0,0
2019-11-30,0,0,0,0,109,4,2,5,0,0
2019-12-01,0,0,0,0,113,2,3,3,0,0
2019-12-02,0,0,0,0,120,1,4,1,0,0
2019-12-03,0,0,0,0,117,2,0,4,0,0
2019-12-04,0,0,0,0,126,3,1,1,0,0
2019-12-05,0,0,0,0,154,1,0,6,0,0
2019-12-06,0,0,0,0,121,3,1,5,0,0
2019-12-07,0,0,0,0,106,1,11,8,0,0
2019-12-08,0,0,0,0,122,2,2,6,0,0
2019-12-09,0,0,0,0,155,0,0,4,0,0
2019-12-10,0,0,0,0,137,2,0,10,0,0
2019-12-11,0,0,0,0,130,3,2,7,0,0
2019-12-12,0,0,0,0,120,2,1,3,0,0
2019-12-13,0,0,0,0,91,1,0,2,0,0
2019-12-14,0,0,0,0,85,0,0,4,0,0
2019-12-15,0,0,0,0,175,2,0,6,0,0
2019-12-16,0,0,0,0,133,2,3,2,0,0
2019-12-17,0,0,0,0,131,2,1,1,0,0
2019-12-18,0,0,0,0,169,3,0,3,0,0
2019-12-19,0,0,0,0,103,3,1,3,0,0
2019-12-20,0,0,0,0,111,1,3,3,0,0
2019-12-21,0,0,0,0,90,2,0,7,0,0
2019-12-22,0,0,0,0,107,1,0,7,0,0
2019-12-23,0,0,0,0,104,4,3,5,0,0
2019-12-24,0,0,0,0,87,6,2,3,0,0
2019-12-25,0,0,0,0,132,5,1,4,0,0
2019-12-26,0,0,0,0,178,0,0,5,0,0
2019-12-27,0,0,0,0,275,1,1,2,0,0
2019-12-28,0,0,0,0,222,5,2,4,0,0
2019-12-29,0,0,0,0,330,4,2,5,0,0
2019-12-30,0,0,0,0,579,1,0,11,0,0
2019-12-31,0,0,0,0,388,1,1,9,0,0
2020-01-01,0,0,0,0,224,1,1,4,0,0
2020-01-02,0,0,0,0,153,5,3,11,0,0
2020-01-03,0,0,0,0,150,1,0,10,0,0
2020-01-04,0,0,0,0,116,7,0,8,0,0
2020-01-05,0,0,0,0,144,3,0,1,0,0
2020-01-06,0,0,0,0,126,3,3,6,0,0
2020-01-07,0,0,0,0,119,2,2,13,0,0
2020-01-08,0,0,0,0,126,4,1,8,0,0
2020-01-09,0,0,0,0,121,2,1,8,0,0
2020-01-10,0,0,0,0,109,1,7,6,0,0
2020-01-11,0,0,0,0,103,2,0,8,0,0
2020-01-12,0,0,0,0,119,2,1,5,0,0
2020-01-13,0,0,0,0,116,4,1,7,0,0
2020-01-14,0,0,0,0,102,3,3,7,0,0
2020-01-15,0,0,0,0,133,3,1,8,0,0
2020-01-16,0,0,0,0,98,3,1,7,0,0
2020-01-17,0,0,0,0,102,6,2,5,0,0
2020-01-18,0,0,0,0,118,3,0,11,0,0
2020-01-19,0,0,0,0,128,3,0,9,0,0
2020-01-20,0,0,0,0,128,4,1,5,0,0
2020-01-21,0,0,0,0,107,4,1,9,0,0
2020-01-22,0,0,0,0,118,5,0,10,0,0
2020-01-23,0,0,0,0,96,4,0,4,0,0
2020-01-24,0,0,0,0,111,5,1,8,0,0
2020-01-25,0,0,0,0,172,5,2,6,0,0
2020-01-26,0,0,0,0,139,4,2,8,0,0
2020-01-27,0,0,0,0,128,3,2,8,0,0
2020-01-28,0,0,0,0,160,3,2,10,0,0
2020-01-29,0,0,0,0,146,4,4,4,0,0
2020-01-30,0,0,0,0,101,4,3,6,0,0
2020-01-31,0,0,0,0,87,2,1,6,0,0
2020-02-01,0,0,0,0,103,2,0,10,0,0
2020-02-02,0,0,0,0,105,0,0,11,0,0
2020-02-03,0,0,0,0,233,1,1,7,0,0
2020-02-04,0,0,0,0,106,6,0,13,0,0
2020-02-05,0,0,0,0,96,4,2,8,0,0
2020-02-06,0,0,0,0,549,7,0,9,0,0
2020-02-07,0,0,0,0,373,5,0,8,0,0
2020-02-08,0,0,0,0,137,0,2,20,0,0
2020-02-09,0,0,0,0,119,3,2,19,0,0
2020-02-10,0,0,0,0,97,5,1,7,0,0
2020-02-11,0,0,0,0,134,2,1,10,0,0
2020-02-12,0,0,0,0,115,2,1,6,0,0
2020-02-13,0,0,0,0,201,3,0,10,0,0
2020-02-14,0,0,0,0,188,7,1,9,0,0
2020-02-15,0,0,0,0,176,4,2,9,0,0
2020-02-16,0,0,0,0,641,2,1,10,0,0
2020-02-17,0,0,0,0,373,6,1,11,0,0
2020-02-18,0,0,0,0,244,3,0,8,0,0
2020-02-19,0,0,0,0,159,1,0,3,0,0
2020-02-20,0,0,0,0,152,3,3,5,0,0
2020-02-21,0,0,0,0,109,2,0,3,0,0
2020-02-22,0,0,0,0,113,2,1,5,0,0
2020-02-23,0,0,0,0,110,1,2,12,0,0
2020-02-24,0,0,0,0,120,0,1,7,0,0
2020-02-25,0,0,0,0,116,2,2,5,0,0
2020-02-26,0,0,0,0,130,3,0,9,0,0
2020-02-27,0,0,0,0,1179,4,2,6,0,0
2020-02-28,0,0,0,0,475,3,2,3,0,0
2020-02-29,0,0,0,0,744,7,0,17,0,0
2020-03-01,0,0,0,0,218,8,1,10,0,0
2020-03-02,0,0,0,0,148,0,0,3,0,0
2020-03-03,0,0,0,0,158,3,0,12,0,0
2020-03-04,0,0,0,0,135,2,1,7,0,0
2020-03-05,0,0,0,0,118,2,2,5,0,0
2020-03-06,0,0,0,0,99,20,4,7,0,0
2020-03-07,0,0,0,0,124,13,1,6,0,0
2020-03-08,0,0,0,0,235,12,1,11,0,0
2020-03-09,0,0,0,0,174,10,0,10,0,0
2020-03-10,0,0,0,0,93,19,1,7,0,0
2020-03-11,0,0,0,0,98,10,4,7,0,0
2020-03-12,0,0,0,0,82,7,1,8,0,0
2020-03-13,0,0,0,0,89,7,0,8,0,0
2020-03-14,0,0,0,0,72,11,2,10,0,0
2020-03-15,0,0,0,0,84,7,0,6,0,0
2020-03-16,0,0,0,0,59,4,3,5,0,0
2020-03-17,0,0,0,0,55,6,0,5,0,0
2020-03-18,0,0,0,0,54,5,2,5,0,0
2020-03-19,0,0,0,0,68,6,0,7,0,0
2020-03-20,0,0,0,0,61,4,1,4,0,0
2020-03-21,0,0,0,0,62,1,4,9,0,0
2020-03-22,0,0,0,0,73,11,3,16,0,0
2020-03-23,0,0,0,0,71,0,1,10,0,0
2020-03-24,0,0,0,0,82,3,2,14,0,0
2020-03-25,0,0,0,0,79,1,4,8,0,0
2020-03-26,0,0,0,0,109,6,0,17,0,0
2020-03-27,0,0,0,0,119,0,1,5,0,0
2020-03-28,0,0,0,0,100,4,2,9,0,0
2020-03-29,0,0,0,0,116,5,6,20,0,0
2020-03-30,0,0,0,0,69,6,1,7,0,0
2020-03-31,0,0,0,0,84,7,5,18,0,0
2020-04-01,0,0,0,0,65,8,1,10,0,0
2020-04-02,0,0,0,0,84,4,2,14,0,0
2020-04-03,0,0,0,0,77,7,2,13,0,0
2020-04-04,0,0,0,0,85,4,0,6,0,0
2020-04-05,0,0,0,0,90,12,1,11,0,0
2020-04-06,0,0,0,0,90,5,3,6,0,0
2020-04-07,0,0,0,0,63,4,2,11,0,0
2020-04-08,0,0,0,0,81,9,1,9,0,0
2020-04-09,0,0,0,0,81,8,0,10,0,0
2020-04-10,0,0,0,0,81,11,4,27,0,0
2020-04-11,0,0,0,0,88,4,0,11,0,0
2020-04-12,0,0,0,0,95,8,2,9,0,0
2020-04-13,0,0,0,0,106,6,3,32,0,0
2020-04-14,0,0,0,0,86,3,0,22,0,0
2020-04-15,0,0,0,0,77,9,3,15,0,0
2020-04-16,0,0,0,0,68,6,0,38,0,0
2020-04-17,0,0,0,0,73,6,1,13,0,0
2020-04-18,0,0,0,0,77,11,0,14,0,0
2020-04-19,0,0,0,0,130,8,1,6,0,0
2020-04-20,0,0,0,0,77,5,2,9,0,0
2020-04-21,0,0,0,0,98,4,0,14,0,0
2020-04-22,0,0,0,0,101,3,0,12,0,0
2020-04-23,0,0,0,0,115,4,3,7,0,0
2020-04-24,0,0,0,0,82,7,2,9,0,0
2020-04-25,0,0,0,0,74,3,1,17,0,0
2020-04-26,0,0,0,0,89,5,5,19,0,0
2020-04-27,0,0,0,0,72,7,2,14,0,0
2020-04-28,0,0,0,0,79,7,2,12,0,0
2020-04-29,0,0,0,0,59,8,4,9,0,0
2020-04-30,0,0,0,0,86,2,1,9,0,0
2020-05-01,0,0,0,0,90,3,2,8,0,0
2020-05-02,0,0,0,0,76,5,6,16,0,0
2020-05-03,0,0,0,0,95,4,3,6,0,0
2020-05-04,0,0,0,0,87,5,1,8,0,0
2020-05-05,0,0,0,0,71,5,0,11,0,0
2020-05-06,0,0,0,0,73,2,0,3,0,0
2020-05-07,0,0,0,0,79,6,0,7,0,0
2020-05-08,0,0,0,0,84,5,0,7,0,0
2020-05-09,0,0,0,0,82,4,2,21,0,0
2020-05-10,0,0,0,0,88,5,3,9,0,0
2020-05-11,0,0,0,0,82,4,2,9,0,0
2020-05-12,0,0,0,0,86,1,1,4,0,0
2020-05-13,0,0,0,0,65,2,0,7,0,0
2020-05-14,0,0,0,0,84,3,0,12,0,0
2020-05-15,0,0,0,0,87,0,1,8,0,0
2020-05-16,0,0,0,0,60,2,3,13,0,0
2020-05-17,0,0,0,0,79,3,0,4,0,0
2020-05-18,0,0,0,0,80,3,3,6,0,0
2020-05-19,0,0,0,0,98,5,1,6,0,0
2020-05-20,0,0,0,0,83,7,2,10,0,0
2020-05-21,0,0,0,0,90,8,0,8,0,0
2020-05-22,0,0,0,0,73,8,5,14,0,0
2020-05-23,0,0,0,0,87,6,5,13,0,0
2020-05-24,0,0,0,0,84,4,4,27,0,0
2020-05-25,0,0,0,0,109,8,3,10,0,0
2020-05-26,0,0,0,0,102,4,2,12,0,0
2020-05-27,0,0,0,0,60,6,1,18,0,0
2020-05-28,0,0,0,0,95,4,1,8,0,0
2020-05-29,0,0,0,0,48,4,4,7,0,0
2020-05-30,0,0,0,0,66,5,4,2,0,0
2020-05-31,0,0,0,0,69,2,1,3,0,0
2020-06-01,0,0,0,0,79,2,1,6,0,0
2020-06-02,0,0,0,0,56,3,1,7,0,0
2020-06-03,0,0,0,0,55,4,1,7,0,0
2020-06-04,0,0,0,0,76,3,0,4,0,0
2020-06-05,0,0,0,0,55,6,3,6,0,0
2020-06-06,0,0,0,0,65,0,1,4,0,0
2020-06-07,0,0,0,0,55,6,1,11,0,0
2020-06-08,0,0,0,0,87,3,3,10,0,0
2020-06-09,0,0,0,0,72,4,2,13,0,0
2020-06-10,0,0,0,0,67,2,2,4,0,0
2020-06-11,0,0,0,0,77,1,1,5,0,0
2020-06-12,0,0,0,0,82,5,1,9,0,0
2020-06-13,0,0,0,0,92,1,0,9,0,0
2020-06-14,0,0,0,0,149,2,3,4,0,0
2020-06-15,0,0,0,0,153,82,2,13,0,0
2020-06-16,0,0,0,0,132,59,0,7,0,0
2020-06-17,0,0,0,0,118,22,4,7,0,0
2020-06-18,0,0,0,0,98,15,3,3,0,0
2020-06-19,0,0,0,0,70,12,1,11,0,0
2020-06-20,0,0,0,0,75,4,2,9,0,0
2020-06-21,0,0,0,0,89,7,0,8,0,0
2020-06-22,0,0,0,0,90,9,1,5,0,0
2020-06-23,0,0,0,0,100,4,0,0,0,0
2020-06-24,0,0,0,0,89,1,2,4,0,0
2020-06-25,0,0,0,0,70,8,0,4,0,0
2020-06-26,0,0,0,0,52,3,0,1,0,0
2020-06-27,0,0,0,0,84,6,0,37,0,0
2020-06-28,0,0,0,0,102,2,1,42,0,0
2020-06-29,0,0,0,0,88,4,1,33,0,0
2020-06-30,0,0,0,0,83,6,0,41,0,0
2020-07-01,0,0,0,0,57,2,4,41,0,0
2020-07-02,0,0,0,0,71,6,0,47,0,0
2020-07-03,0,0,0,0,83,5,2,26,0,0
2020-07-04,0,0,0,0,84,4,2,36,0,0
2020-07-05,0,0,0,0,95,7,0,33,0,0
2020-07-06,0,0,0,0,98,5,0,32,0,0
2020-07-07,0,0,0,0,71,0,2,134,0,0
2020-07-08,0,0,0,0,79,3,3,32,0,0
2020-07-09,0,0,0,0,71,2,2,34,0,0
2020-07-10,0,0,0,0,96,6,1,29,0,0
2020-07-11,0,0,0,0,75,6,0,41,0,0
2020-07-12,0,0,0,0,77,4,1,30,0,0
2020-07-13,0,0,0,0,78,4,0,53,0,0
2020-07-14,0,0,0,0,90,11,0,25,0,0
2020-07-15,0,0,0,0,80,7,1,21,0,0
2020-07-16,0,0,0,0,67,6,4,16,0,0
2020-07-17,0,0,0,0,69,9,4,25,0,0
2020-07-18,0,0,0,0,87,5,2,12,0,0
2020-07-19,0,0,0,0,108,6,1,13,0,0
2020-07-20,0,0,0,0,79,4,1,22,0,0
2020-07-21,0,0,0,0,75,1,1,19,0,0
2020-07-22,0,0,0,0,75,5,0,22,0,0
2020-07-23,0,0,0,0,68,2,0,16,0,0
2020-07-24,0,0,0,0,70,3,0,14,0,0
2020-07-25,0,0,0,0,79,7,3,4,0,0
2020-07-26,0,0,0,0,155,2,3,12,0,0
2020-07-27,0,0,0,0,103,6,0,15,0,0
2020-07-28,0,0,0,0,65,4,0,6,0,0
2020-07-29,0,0,0,0,185,2,1,12,0,0
2020-07-30,0,0,0,0,557,1,1,12,0,0
2020-07-31,0,0,0,0,231,6,3,6,0,0
2020-08-01,0,0,0,0,153,3,0,6,0,0
2020-08-02,0,0,0,0,230,1,1,3,0,0
2020-08-03,0,0,0,0,133,3,4,9,0,0
2020-08-04,0,0,0,0,148,1,0,5,0,0
2020-08-05,0,0,0,0,139,1,1,8,0,0
2020-08-06,0,0,0,0,248,2,1,5,0,0
2020-08-07,0,0,0,0,272,3,2,9,0,0
2020-08-08,0,0,0,0,142,3,1,5,0,0
2020-08-09,0,0,0,0,124,1,0,50,0,0
2020-08-10,0,0,0,0,92,2,2,6,0,0
2020-08-11,0,0,0,0,130,3,0,8,0,0
2020-08-12,0,0,0,0,82,2,1,7,0,0
2020-08-13,0,0,0,0,85,3,1,15,0,0
2020-08-14,0,0,0,0,103,9,0,12,0,0
2020-08-15,0,0,0,0,67,5,2,8,0,0
2020-08-16,0,0,0,0,78,2,1,21,0,0
2020-08-17,0,0,0,0,96,4,5,17,0,0
2020-08-18,0,0,0,0,73,4,2,9,0,0
2020-08-19,0,0,0,0,67,5,3,15,0,0
2020-08-20,0,0,0,0,85,6,0,14,0,0
2020-08-21,0,0,0,0,59,4,2,14,0,0
2020-08-22,0,0,0,0,56,1,1,6,0,0
2020-08-23,0,0,0,0,73,6,1,31,0,0
2020-08-24,0,0,0,0,94,5,2,16,0,0
2020-08-25,0,0,0,0,65,2,1,26,0,0
2020-08-26,0,0,0,0,77,3,6,17,0,0
2020-08-27,0,0,0,0,73,5,3,12,0,0
2020-08-28,0,0,0,0,65,5,4,8,0,0
2020-08-29,0,0,0,0,76,5,6,48,0,0
2020-08-30,0,0,0,0,81,15,20,90,0,0
2020-08-31,0,0,0,0,70,6,6,61,0,0
2020-09-01,0,0,0,0,91,10,10,67,0,0
2020-09-02,0,0,0,0,76,13,4,87,0,0
2020-09-03,0,0,0,0,82,7,2,79,0,0
2020-09-04,0,0,0,0,72,9,0,49,0,0
2020-09-05,0,0,0,0,72,7,1,123,0,0
2020-09-06,0,0,0,0,90,7,3,90,0,0
2020-09-07,0,0,0,0,79,5,1,25,0,0
2020-09-08,0,0,0,0,109,4,3,65,0,0
2020-09-09,0,0,0,0,76,6,6,85,0,0
2020-09-10,0,0,0,0,82,3,2,69,0,0
2020-09-11,0,0,0,0,83,5,2,84,0,0
2020-09-12,0,0,0,0,91,11,2,166,0,0
2020-09-13,0,0,0,0,72,8,6,133,0,0
2020-09-14,0,0,0,0,90,5,2,35,0,0
2020-09-15,0,0,0,0,61,5,2,76,0,0
2020-09-16,0,0,0,0,83,11,5,114,0,0
2020-09-17,0,0,0,0,60,11,2,75,0,0
2020-09-18,0,0,0,0,62,10,1,82,0,0
2020-09-19,0,0,0,0,65,11,2,98,0,0
2020-09-20,0,0,0,0,66,13,2,130,0,0
2020-09-21,0,0,0,0,78,10,6,40,0,0
2020-09-22,0,0,0,0,70,8,3,22,0,0
2020-09-23,0,0,0,0,80,5,3,12,0,0
2020-09-24,0,0,0,0,130,0,2,21,0,0
2020-09-25,0,0,0,0,182,7,3,28,0,0
2020-09-26,0,0,0,0,97,6,2,27,0,0
2020-09-27,0,0,0,0,120,6,1,100,0,0
2020-09-28,0,0,0,0,87,1,4,14,0,0
2020-09-29,0,0,0,0,69,7,3,4,0,0
2020-09-30,0,0,0,0,63,9,0,32,0,0
2020-10-01,0,0,0,0,78,7,2,11,0,0
2020-10-02,0,0,0,0,70,10,1,14,0,0
2020-10-03,0,0,0,0,80,4,4,12,0,0
2020-10-04,0,0,0,0,79,6,1,37,0,0
2020-10-05,0,0,0,0,79,10,1,20,0,0
2020-10-06,0,0,0,0,58,7,1,13,0,0
2020-10-07,0,0,0,0,71,11,4,9,0,0
2020-10-08,0,0,0,0,68,3,0,7,0,0
2020-10-09,0,0,0,0,74,4,3,6,0,0
2020-10-10,0,0,0,0,70,1,4,11,0,0
2020-10-11,0,0,0,0,79,3,1,14,0,0
2020-10-12,0,0,0,0,87,4,1,9,0,0
2020-10-13,0,0,0,0,57,4,2,9,0,0
2020-10-14,0,0,0,0,80,4,0,14,0,0
2020-10-15,0,0,0,0,86,9,0,9,0,0
2020-10-16,0,0,0,0,44,3,3,8,0,0
2020-10-17,0,0,0,0,63,1,1,6,0,0
2020-10-18,0,0,0,0,75,2,4,9,0,0
2020-10-19,0,0,0,0,60,9,0,14,0,0
2020-10-20,0,0,0,0,62,6,2,19,0,0
2020-10-21,0,0,0,0,442,18,2,14,0,0
2020-10-22,0,0,0,0,218,5,5,22,0,0
2020-10-23,0,0,0,0,68,3,2,18,0,0
2020-10-24,0,0,0,0,62,7,4,19,0,0
2020-10-25,0,0,0,0,80,6,0,24,0,0
2020-10-26,0,0,0,0,80,5,1,18,0,0
2020-10-27,0,0,0,0,64,8,1,19,0,0
2020-10-28,0,0,0,0,58,6,2,29,0,0
2020-10-29,0,0,0,0,63,12,4,25,0,0
2020-10-30,0,0,0,0,60,12,3,16,0,0
2020-10-31,0,0,0,0,64,3,4,46,0,0
2020-11-01,0,0,0,0,55,2,6,31,0,0
2020-11-02,0,0,0,0,69,4,2,15,0,0
2020-11-03,0,0,0,0,61,7,1,10,0,0
2020-11-04,0,0,0,0,42,1,1,11,0,0
2020-11-05,0,0,0,0,78,1,2,12,0,0
2020-11-06,0,0,0,0,52,4,0,26,0,0
2020-11-07,0,0,0,0,69,1,2,33,0,0
2020-11-08,0,0,0,0,72,2,3,29,0,0
2020-11-09,0,0,0,0,63,3,4,5,0,0
2020-11-10,0,0,0,0,90,5,2,11,0,0
2020-11-11,0,0,0,0,73,2,3,6,0,0
2020-11-12,0,0,0,0,66,3,0,3,0,0
2020-11-13,0,0,0,0,68,1,1,4,0,0
2020-11-14,0,0,0,0,81,3,1,4,0,0
2020-11-15,0,0,0,0,223,0,1,3,0,0
2020-11-16,0,0,0,0,100,2,3,5,0,0
2020-11-17,0,0,0,0,73,0,1,6,0,0
2020-11-18,0,0,0,0,65,3,0,4,0,0
2020-11-19,0,0,0,0,70,47,0,1,0,0
2020-11-20,0,0,0,0,48,26,0,2,0,0
2020-11-21,0,0,0,0,71,5,1,8,0,0
2020-11-22,0,0,0,0,56,1,0,3,0,0
2020-11-23,0,0,0,0,62,6,2,4,0,0
2020-11-24,0,0,0,0,72,4,4,1,0,0
2020-11-25,0,0,0,0,51,1,0,2,0,0
2020-11-26,0,0,0,0,57,3,2,3,0,0
2020-11-27,0,0,0,0,81,2,0,3,0,0
2020-11-28,0,0,0,0,82,0,0,7,0,0
2020-11-29,0,0,0,0,81,2,0,5,0,0
2020-11-30,0,0,0,0,55,3,2,2,0,0
2020-12-01,0,0,0,0,47,1,0,3,0,0
2020-12-02,0,0,0,0,53,3,5,1,0,0
2020-12-03,0,0,0,0,53,2,0,4,0,0
2020-12-04,0,0,0,0,52,1,0,5,0,0
2020-12-05,0,0,0,0,61,2,2,1,0,0
2020-12-06,0,0,0,0,62,1,1,5,0,0
2020-12-07,0,0,0,0,66,2,0,7,0,0
2020-12-08,0,0,0,0,60,7,0,3,0,0
2020-12-09,0,0,0,0,61,6,0,3,0,0
2020-12-10,0,0,0,0,71,9,1,3,0,0
2020-12-11,0,0,0,0,46,2,1,3,0,0
2020-12-12,0,0,0,0,45,1,0,8,0,0
2020-12-13,0,0,0,0,49,2,0,2,0,0
2020-12-14,0,0,0,0,56,1,0,2,0,0
2020-12-15,0,0,0,0,48,0,0,2,0,0
2020-12-16,0,0,0,0,57,1,0,2,0,0
2020-12-17,0,0,0,0,61,2,2,2,0,0
2020-12-18,0,0,0,0,54,4,2,1,0,0
2020-12-19,0,0,0,0,46,2,0,5,0,0
2020-12-20,0,0,0,0,71,4,0,9,0,0
2020-12-21,0,0,0,0,71,1,0,5,0,0
2020-12-22,0,0,0,0,65,3,2,2,0,0
2020-12-23,0,0,0,0,41,2,0,3,0,0
2020-12-24,0,0,0,0,62,3,0,3,0,0
2020-12-25,0,0,0,0,62,2,2,3,0,0
2020-12-26,0,0,0,0,59,0,1,0,0,0
2020-12-27,0,0,0,0,72,1,4,5,0,0
2020-12-28,0,0,0,0,56,5,2,2,0,0
2020-12-29,0,0,0,0,74,4,0,6,0,0
2020-12-30,0,0,0,0,72,1,0,2,0,0
2020-12-31,0,0,0,0,70,4,1,1,0,0
2021-01-01,0,0,0,0,79,1,2,5,0,0
2021-01-02,0,0,0,0,65,1,2,8,0,0
2021-01-03,0,0,0,0,101,5,0,3,0,0
2021-01-04,0,0,0,0,80,2,0,6,0,0
2021-01-05,0,0,0,0,74,3,1,5,0,0
2021-01-06,0,0,0,0,55,3,2,5,0,0
2021-01-07,0,0,0,0,78,0,0,3,0,0
2021-01-08,0,0,0,0,60,2,0,2,0,0
2021-01-09,0,0,0,0,63,5,3,3,0,0
2021-01-10,0,0,0,0,58,3,2,3,0,0
2021-01-11,0,0,0,0,64,2,0,1,0,0
2021-01-12,0,0,0,0,66,2,1,2,0,0
2021-01-13,0,0,0,0,65,1,4,4,0,0
2021-01-14,0,0,0,0,62,2,4,3,0,0
2021-01-15,0,0,0,0,73,0,0,4,0,0
2021-01-16,0,0,0,0,49,2,0,2,0,0
2021-01-17,0,0,0,0,71,2,0,5,0,0
2021-01-18,0,0,0,0,67,1,0,1,0,0
2021-01-19,0,0,0,0,77,2,0,3,0,0
2021-01-20,0,0,0,0,58,0,3,1,0,0
2021-01-21,0,0,0,0,72,3,5,0,0,0
2021-01-22,0,0,0,0,60,4,2,10,0,0
2021-01-23,0,0,0,0,63,1,0,4,0,0
2021-01-24,0,0,0,0,72,2,2,2,0,0
2021-01-25,0,0,0,0,79,0,2,4,0,0
2021-01-26,0,0,0,0,92,3,0,6,0,0
2021-01-27,0,0,0,0,70,1,1,2,0,0
2021-01-28,0,0,0,0,59,1,2,5,0,0
2021-01-29,0,0,0,0,55,1,4,10,0,0
2021-01-30,0,0,0,0,62,1,0,3,0,0
2021-01-31,0,0,0,0,71,4,2,1,0,0
2021-02-01,0,0,0,0,56,0,1,1,0,0
2021-02-02,0,0,0,0,57,2,2,14,0,0
2021-02-03,0,0,0,0,67,1,0,4,0,0
2021-02-04,0,0,0,0,80,2,0,5,0,0
2021-02-05,0,0,0,0,53,2,0,9,0,0
2021-02-06,0,0,0,0,56,1,1,14,0,0
2021-02-07,0,0,0,0,62,4,1,12,0,0
2021-02-08,0,0,0,0,62,4,1,1,0,0
2021-02-09,0,0,0,0,92,1,0,5,0,0
2021-02-10,0,0,0,0,82,2,0,5,0,0
2021-02-11,0,0,0,0,62,6,1,7,0,0
2021-02-12,0,0,0,0,55,2,1,3,0,0
2021-02-13,0,0,0,0,51,9,2,5,0,0
2021-02-14,0,0,0,0,71,2,6,4,0,0
2021-02-15,0,0,0,0,85,2,2,3,0,0
2021-02-16,0,0,0,0,76,2,0,7,0,0
2021-02-17,0,0,0,0,69,4,5,14,0,0
2021-02-18,0,0,0,0,64,3,1,3,0,0
2021-02-19,0,0,0,0,89,1,0,4,0,0
2021-02-20,0,0,0,0,66,6,1,4,0,0
2021-02-21,0,0,0,0,70,3,2,5,0,0
2021-02-22,0,0,0,0,86,1,3,4,0,0
2021-02-23,0,0,0,0,101,0,2,4,0,0
2021-02-24,0,0,0,0,166,1,1,4,0,0
2021-02-25,0,0,0,0,120,3,1,4,0,0
2021-02-26,0,0,0,0,122,3,1,4,0,0
2021-02-27,0,0,0,0,105,7,0,7,0,0
2021-02-28,0,0,0,0,117,0,1,5,0,0
2021-03-01,0,0,0,0,102,1,0,4,0,0
2021-03-02,0,0,0,0,103,1,0,3,0,0
2021-03-03,0,0,0,0,79,5,0,3,0,0
2021-03-04,0,0,0,0,107,3,1,4,0,0
2021-03-05,0,0,0,0,103,4,0,5,0,0
2021-03-06,0,0,0,0,101,4,3,5,0,0
2021-03-07,0,0,0,0,203,5,2,6,0,0
2021-03-08,0,0,0,0,257,3,0,7,0,0
2021-03-09,0,0,0,0,96,5,1,8,0,0
2021-03-10,0,0,0,0,79,2,2,13,0,0
2021-03-11,0,0,0,0,70,3,0,12,0,0
2021-03-12,0,0,0,0,87,1,0,14,0,0
2021-03-13,0,0,0,0,101,4,2,11,0,0
2021-03-14,0,0,0,0,63,0,1,21,0,0
2021-03-15,0,0,0,0,68,4,0,5,0,0
2021-03-16,0,0,0,0,52,6,3,0,0,0
2021-03-17,0,0,0,0,91,4,2,5,0,0
2021-03-18,0,0,0,0,77,3,3,3,0,0
2021-03-19,0,0,0,0,43,2,4,6,0,0
2021-03-20,0,0,0,0,48,0,2,5,0,0
2021-03-21,0,0,0,0,67,2,1,5,0,0
2021-03-22,0,0,0,0,58,10,1,11,0,0
2021-03-23,0,0,0,0,87,9,1,13,0,0
2021-03-24,0,0,0,0,78,14,1,14,0,0
2021-03-25,0,0,0,0,84,2,0,16,0,0
2021-03-26,0,0,0,0,60,8,3,21,0,0
2021-03-27,0,0,0,0,54,6,1,16,0,0
2021-03-28,0,0,0,0,64,7,0,10,0,0
2021-03-29,0,0,0,0,62,4,6,7,0,0
2021-03-30,0,0,0,0,63,2,2,9,0,0
2021-03-31,0,0,0,0,50,3,1,3,0,0
2021-04-01,0,0,0,0,46,3,3,3,0,0
2021-04-02,0,0,0,0,70,6,1,4,0,0
2021-04-03,0,0,0,0,61,1,5,9,0,0
2021-04-04,0,0,0,0,79,5,3,30,0,0
2021-04-05,0,0,0,0,76,6,1,17,0,0
2021-04-06,0,0,0,0,69,1,0,18,0,0
2021-04-07,0,0,0,0,56,8,4,7,0,0
2021-04-08,0,0,0,0,72,3,0,6,0,0
2021-04-09,0,0,0,0,91,3,1,8,0,0
2021-04-10,0,0,0,0,69,1,0,7,0,0
2021-04-11,0,0,0,0,84,1,2,17,0,0
2021-04-12,0,0,0,0,57,1,2,12,0,0
2021-04-13,0,0,0,0,65,5,3,17,0,0
2021-04-14,0,0,0,0,51,11,5,0,0,0
2021-04-15,0,0,0,0,56,2,2,4,0,0
2021-04-16,0,0,0,0,59,2,0,9,0,0
2021-04-17,0,0,0,0,71,1,2,7,0,0
2021-04-18,0,0,0,0,54,3,0,28,0,0
2021-04-19,0,0,0,0,58,1,0,5,0,0
2021-04-20,0,0,0,0,50,1,4,13,0,0
2021-04-21,0,0,0,0,48,2,1,8,0,0
2021-04-22,0,0,0,0,40,8,1,11,0,0
2021-04-23,0,0,0,0,40,0,1,8,0,0
2021-04-24,0,0,0,0,49,4,1,5,0,0
2021-04-25,0,0,0,0,86,5,1,46,0,0
2021-04-26,0,0,0,0,51,2,1,6,0,0
2021-04-27,0,0,0,0,52,1,1,8,0,0
2021-04-28,0,0,0,0,71,2,1,11,0,0
2021-04-29,0,0,0,0,72,2,2,10,0,0
2021-04-30,0,0,0,0,51,3,2,9,0,0
2021-05-01,0,0,0,0,62,2,0,8,0,0
2021-05-02,0,0,0,0,61,2,2,3,0,0
2021-05-03,0,0,0,0,68,3,1,11,0,0
2021-05-04,0,0,0,0,74,1,0,3,0,0
2021-05-05,0,0,0,0,57,3,0,5,0,0
2021-05-06,0,0,0,0,76,1,3,12,0,0
2021-05-07,0,0,0,0,62,1,1,5,0,0
2021-05-08,0,0,0,0,51,1,0,16,0,0
2021-05-09,0,0,0,0,70,5,0,5,0,0
2021-05-10,0,0,0,0,60,2,3,8,0,0
2021-05-11,0,0,0,0,61,2,0,13,0,0
2021-05-12,0,0,0,0,48,1,0,6,0,0
2021-05-13,0,0,0,0,56,6,2,8,0,0
2021-05-14,0,0,0,0,64,5,3,3,0,0
2021-05-15,0,0,0,0,165,1,0,3,0,0
2021-05-16,0,0,0,0,521,4,1,11,0,0
2021-05-17,0,0,0,0,183,4,2,9,0,0
2021-05-18,0,0,0,0,121,1,1,5,0,0
2021-05-19,0,0,0,0,95,2,3,10,0,0
2021-05-20,0,0,0,0,68,3,1,11,0,0
2021-05-21,0,0,0,0,65,0,1,10,0,0
2021-05-22,0,0,0,0,64,2,1,3,0,0
2021-05-23,0,0,0,0,73,1,1,3,0,0
2021-05-24,0,0,0,0,51,6,4,8,0,0
2021-05-25,0,0,0,0,72,3,3,4,0,0
2021-05-26,0,0,0,0,38,2,3,5,0,0
2021-05-27,0,1,0,0,74,1,1,2,0,0
2021-05-28,0,1295,0,0,65,5,0,10,0,0
2021-05-29,0,738,0,0,51,0,3,9,0,0
2021-05-30,0,339,0,0,43,2,1,4,0,0
2021-05-31,0,267,0,0,63,8,2,4,0,0
2021-06-01,0,208,0,0,77,3,8,4,0,0
2021-06-02,0,123,0,0,92,3,1,6,0,0
2021-06-03,0,91,0,0,82,4,5,5,0,0
2021-06-04,0,112,0,0,77,6,2,4,0,0
2021-06-05,0,41,0,0,58,5,2,2,0,0
2021-06-06,0,45,0,0,83,5,0,12,0,0
2021-06-07,0,28,0,0,81,2,1,15,0,0
2021-06-08,0,9,0,0,88,6,1,11,0,0
2021-06-09,0,12,0,0,62,2,1,14,0,0
2021-06-10,0,30,0,0,97,3,1,10,0,0
2021-06-11,0,14,0,0,47,1,0,12,0,0
2021-06-12,0,16,0,0,53,1,0,8,0,0
2021-06-13,0,13,0,0,54,1,0,19,0,0
2021-06-14,0,14,0,0,118,0,0,4,0,0
2021-06-15,0,11,0,0,87,4,0,11,0,0
2021-06-16,0,6,0,0,61,3,0,7,0,0
2021-06-17,0,12,0,0,56,2,4,5,0,0
2021-06-18,0,8,0,0,71,3,2,5,0,0
2021-06-19,0,11,0,0,59,2,1,3,0,0
2021-06-20,0,6,0,0,82,3,1,28,0,0
2021-06-21,0,7,0,0,61,1,4,6,0,0
2021-06-22,0,6,0,0,49,2,3,8,0,0
2021-06-23,0,5,0,0,69,2,0,3,0,0
2021-06-24,0,20,0,0,59,5,2,6,0,0
2021-06-25,0,7,0,0,44,6,2,12,0,0
2021-06-26,0,14,0,0,63,3,4,25,0,0
2021-06-27,0,13,0,0,87,2,2,25,0,0
2021-06-28,0,17,0,0,82,4,1,29,0,0
2021-06-29,0,22,0,0,70,5,4,30,0,0
2021-06-30,0,12,0,0,81,6,3,30,0,0
2021-07-01,0,24,0,0,62,3,3,29,0,0
2021-07-02,0,8,0,0,61,4,2,40,0,0
2021-07-03,0,10,0,0,71,6,1,19,0,0
2021-07-04,0,7,0,0,75,3,4,47,0,0
2021-07-05,0,12,0,0,64,4,2,24,0,0
2021-07-06,0,12,0,0,63,4,2,33,0,0
2021-07-07,0,24,0,0,61,6,0,99,0,0
2021-07-08,0,18,0,0,84,1,2,45,0,0
2021-07-09,0,16,0,0,73,3,5,43,0,0
2021-07-10,0,7,0,0,71,6,3,34,0,0
2021-07-11,0,10,0,0,86,8,1,67,0,0
2021-07-12,0,5,0,0,75,3,4,32,0,0
2021-07-13,0,17,0,0,85,5,1,39,0,0
2021-07-14,0,7,0,0,75,3,4,76,0,0
2021-07-15,0,11,0,0,72,13,3,84,0,0
2021-07-16,0,12,0,0,95,1,3,70,0,0
2021-07-17,0,9,0,0,76,5,2,85,0,0
2021-07-18,0,11,0,0,68,21,5,215,0,0
2021-07-19,0,14,0,0,65,15,3,47,0,0
2021-07-20,0,5,0,0,69,9,0,19,0,0
2021-07-21,0,4,0,0,110,1,2,11,0,0
2021-07-22,0,9,0,0,124,1,3,25,0,0
2021-07-23,0,6,0,0,100,3,1,19,0,0
2021-07-24,0,4,0,0,98,7,2,17,0,0
2021-07-25,0,4,0,0,179,2,1,11,0,0
2021-07-26,0,5,0,0,164,5,1,13,0,0
2021-07-27,0,3,0,0,205,1,3,6,0,0
2021-07-28,0,3,0,0,250,6,0,9,0,0
2021-07-29,0,2,0,0,489,1,3,4,0,0
2021-07-30,0,4,0,0,325,1,1,3,0,0
2021-07-31,0,7,0,0,206,1,1,5,0,0
2021-08-01,0,6,0,0,159,4,3,4,0,0
2021-08-02,0,2,0,0,212,0,2,13,0,0
2021-08-03,0,6,0,0,829,0,0,9,0,0
2021-08-04,0,3,0,0,1220,3,2,12,0,0
2021-08-05,0,3,0,0,354,4,0,13,0,0
2021-08-06,0,2,0,0,211,3,2,5,0,0
2021-08-07,0,6,0,0,143,3,1,9,0,0
2021-08-08,0,4,0,0,212,2,4,5,0,0
2021-08-09,0,6,0,0,147,4,1,6,0,0
2021-08-10,0,7,0,0,254,2,0,5,0,0
2021-08-11,0,4,0,0,350,2,1,2,0,0
2021-08-12,0,6,0,0,195,3,2,4,0,0
2021-08-13,0,2,0,0,103,5,1,5,0,0
2021-08-14,0,4,0,0,87,8,2,7,0,0
2021-08-15,0,5,0,0,70,4,2,7,0,0
2021-08-16,0,4,0,0,58,1,0,9,0,0
2021-08-17,0,6,0,0,67,3,0,8,0,0
2021-08-18,0,0,0,0,69,2,0,18,0,0
2021-08-19,0,10,0,0,61,1,2,13,0,0
2021-08-20,0,9,0,0,67,0,0,17,0,0
2021-08-21,0,7,0,0,82,2,2,11,0,0
2021-08-22,0,6,0,0,79,2,0,12,0,0
2021-08-23,0,1,0,0,66,2,1,6,0,0
2021-08-24,0,7,0,0,79,0,0,3,0,0
2021-08-25,0,17,0,0,68,1,1,8,0,0
2021-08-26,0,7,0,0,70,2,0,10,0,0
2021-08-27,0,7,0,0,44,9,3,11,0,0
2021-08-28,0,7,0,0,62,5,0,14,0,0
2021-08-29,0,5,0,0,65,0,1,32,0,0
2021-08-30,0,1,0,0,70,8,0,5,0,0
2021-08-31,0,5,0,0,68,1,1,12,0,0
2021-09-01,0,3,0,0,48,2,1,15,0,0
2021-09-02,0,6,0,0,63,1,2,23,0,0
2021-09-03,0,8,0,0,43,1,1,14,0,0
2021-09-04,0,3,0,0,54,2,2,16,0,0
2021-09-05,0,2,0,0,61,3,0,30,0,0
2021-09-06,0,3,0,0,72,2,1,11,0,0
2021-09-07,0,3,0,0,58,2,3,4,0,0
2021-09-08,0,5,0,0,47,1,0,2,0,0
2021-09-09,0,3,0,0,59,1,3,2,0,0
2021-09-10,0,2,0,0,53,0,0,5,0,0
2021-09-11,0,1,0,0,41,3,0,7,0,0
2021-09-12,0,0,0,0,45,3,4,8,0,0
2021-09-13,0,5,0,0,51,4,3,2,0,0
2021-09-14,0,9,0,0,59,3,1,3,0,0
2021-09-15,0,0,0,0,40,1,3,3,0,0
2021-09-16,0,7,0,0,42,2,0,3,0,0
2021-09-17,0,3,0,0,45,4,1,7,0,0
2021-09-18,0,6,0,0,42,1,1,9376,0,0
2021-09-19,0,8,0,0,56,4,0,19691,0,0
2021-09-20,0,7,0,0,48,2,0,4709,0,0
2021-09-21,0,5,0,0,54,4,0,1626,0,0
2021-09-22,0,0,0,0,46,1,0,1067,0,0
2021-09-23,0,2,0,0,33,2,0,600,0,0
2021-09-24,0,3,0,0,37,0,0,406,0,0
2021-09-25,0,0,0,0,65,3,0,370,0,0
2021-09-26,0,3,0,0,39,1,0,1525,0,0
2021-09-27,0,4,0,0,46,2,0,509,0,0
2021-09-28,0,5,0,0,37,0,1,236,0,0
2021-09-29,0,7,0,0,36,0,0,185,0,0
2021-09-30,0,7,0,0,31,4,1,160,0,0
2021-10-01,0,0,0,0,41,1,1,166,0,0
2021-10-02,0,4,0,0,49,3,0,107,0,0
2021-10-03,0,3,0,0,62,5,1,158,0,0
2021-10-04,0,6,0,0,67,2,2,100,0,0
2021-10-05,0,4,0,0,52,1,1,77,0,0
2021-10-06,0,2,0,0,44,3,0,62,0,0
2021-10-07,0,5,0,0,57,2,1,51,0,0
2021-10-08,0,4,0,0,38,1,1,42,0,0
2021-10-09,0,3,0,0,25,3,0,56,0,0
2021-10-10,0,3,0,0,38,3,1,52,0,0
2021-10-11,0,2,0,0,42,0,1,44,0,0
2021-10-12,0,1,0,0,45,0,2,48,0,0
2021-10-13,0,0,0,0,47,2,1,33,0,0
2021-10-14,0,3,0,0,56,0,0,42,0,0
2021-10-15,0,3,0,0,43,2,0,34,0,0
2021-10-16,0,0,0,0,41,1,1,34,0,0
2021-10-17,0,0,0,0,45,1,1,38,0,0
2021-10-18,0,2,0,0,58,1,0,24,0,0
2021-10-19,0,1,0,0,40,4,0,29,0,0
2021-10-20,0,0,0,0,29,2,3,29,0,0
2021-10-21,0,4,0,0,25,1,0,28,0,0
2021-10-22,0,1,0,0,30,7,1,34,0,0
2021-10-23,0,3,0,0,50,2,1,17,0,0
2021-10-24,0,2,0,0,45,2,0,29,0,0
2021-10-25,0,2,0,0,39,0,1,17,0,0
2021-10-26,0,2,0,0,33,2,1,16,0,0
2021-10-27,0,3,0,0,37,3,3,25,0,0
2021-10-28,0,1,0,0,30,3,2,39,0,0
2021-10-29,0,1,0,0,19,5,0,31,0,0
2021-10-30,0,1,0,0,28,1,0,30,0,0
2021-10-31,0,2,0,0,40,3,0,25,0,0
2021-11-01,0,0,0,0,46,2,1,19,0,0
2021-11-02,0,19,0,0,51,1,4,19,0,0
2021-11-03,0,4,0,0,134,2,3,23,0,0
2021-11-04,0,1,0,0,120,0,0,17,0,0
2021-11-05,0,3,0,0,50,1,1,22,0,0
2021-11-06,14,2,0,0,54,1,0,19,0,0
2021-11-07,23,3,0,0,49,0,1,20,0,0
2021-11-08,1,0,0,0,45,1,0,13,0,0
2021-11-09,0,3,0,0,38,0,5,22,0,0
2021-11-10,15,0,0,0,52,1,2,25,0,0
2021-11-11,5,1,0,0,42,1,0,22,0,0
2021-11-12,10,2,0,0,50,1,0,18,0,0
2021-11-13,4,2,0,0,31,1,1,22,0,0
2021-11-14,0,2,0,0,36,4,2,9,0,0
2021-11-15,3,2,0,0,45,3,0,26,0,0
2021-11-16,1,0,0,0,38,0,0,19,0,0
2021-11-17,1,0,0,0,27,0,0,19,0,0
2021-11-18,0,1,0,0,23,1,0,12,0,0
2021-11-19,0,1,0,0,28,0,0,21,0,0
2021-11-20,2,1,0,0,31,0,1,16,0,0
2021-11-21,0,0,0,0,43,1,1,23,0,0
2021-11-22,1,4,0,0,44,1,1,23,0,0
2021-11-23,1,4,0,0,36,2,1,17,0,0
2021-11-24,0,2,0,0,36,0,3,12,0,0
2021-11-25,0,5,0,0,34,1,0,16,0,0
2021-11-26,2,2,0,0,28,0,3,15,0,0
2021-11-27,2,8,0,0,41,1,0,14,0,0
2021-11-28,0,2,0,0,56,0,0,5,0,0
2021-11-29,2,6,0,0,60,0,0,13,0,0
2021-11-30,2,1,0,0,47,0,1,9,0,0
2021-12-01,1,0,0,0,35,3,0,14,0,0
2021-12-02,3,1,0,0,45,0,3,14,0,0
2021-12-03,0,2,0,0,30,1,0,19,0,0
2021-12-04,1,3,0,0,42,2,0,14,0,0
2021-12-05,1,2,0,0,81,1,0,20,0,0
2021-12-06,0,1,0,0,49,2,0,16,0,0
2021-12-07,1,2,0,0,45,1,0,14,0,0
2021-12-08,2,3,0,0,42,3,1,20,0,0
2021-12-09,1,0,0,0,43,0,0,13,0,0
2021-12-10,2,0,0,0,60,0,0,22,0,0
2021-12-11,0,0,0,0,83,0,0,20,0,0
2021-12-12,2,0,0,0,70,0,2,22,0,0
2021-12-13,0,1,0,0,45,0,2,14,0,0
2021-12-14,0,5,0,0,40,1,2,18,0,0
2021-12-15,2,0,0,0,56,0,1,19,0,0
2021-12-16,4,4,0,0,2718,1,0,21,0,0
2021-12-17,0,1,0,0,587,2,0,27,0,0
2021-12-18,0,0,0,0,366,1,0,17,0,0
2021-12-19,1,2,0,0,316,1,1,22,0,0
2021-12-20,0,0,0,0,305,3,2,37,0,0
2021-12-21,0,5,0,0,306,2,0,23,0,0
2021-12-22,0,1,0,0,167,1,0,17,0,0
2021-12-23,0,2,0,0,464,0,0,23,0,0
2021-12-24,2,5,0,0,262,1,0,21,0,0
2021-12-25,0,2,0,0,180,1,0,23,0,0
2021-12-26,1,2,0,0,103,1,0,32,0,0
2021-12-27,0,2,0,0,160,5,0,32,0,0
2021-12-28,1,3,0,0,143,0,0,22,0,0
2021-12-29,1,1,0,0,128,0,0,23,0,0
2021-12-30,2,1,0,0,91,2,4,94,0,0
2021-12-31,0,2,0,0,81,1,0,44,0,0
2022-01-01,2,4,0,0,78,1,1,31,0,0
2022-01-02,0,3,0,0,457,1,0,42,0,0
2022-01-03,1,3,0,0,134,3,2,24,0,0
2022-01-04,0,3,0,0,76,9,0,17,0,0
2022-01-05,1,2,0,0,65,1,0,28,0,0
2022-01-06,1,2,0,0,76,3,2,19,0,0
2022-01-07,0,2,0,0,73,3,1,10,0,0
2022-01-08,0,4,0,0,75,2,1,8,0,0
2022-01-09,0,1,0,0,74,2,0,20,0,0
2022-01-10,2,1,0,0,76,0,1,15,0,0
2022-01-11,0,1,0,0,71,0,1,13,0,0
2022-01-12,0,1,0,0,86,0,0,15,0,0
2022-01-13,1,3,0,0,66,1,0,18,0,0
2022-01-14,0,3,0,0,62,1,1,19,0,0
2022-01-15,4,1,0,0,49,2,2,17,0,0
2022-01-16,2,7,0,0,73,1,1,16,0,0
2022-01-17,0,2,0,0,68,1,1,16,0,0
2022-01-18,0,2,0,0,75,0,0,15,0,0
2022-01-19,2,0,0,0,65,1,0,14,0,0
2022-01-20,1,2,0,0,70,4,1,14,0,0
2022-01-21,0,2,0,0,66,4,0,11,0,0
2022-01-22,3,1,0,0,63,2,4,15,0,0
2022-01-23,1,0,0,0,67,2,1,12,0,0
2022-01-24,2,4,0,0,64,1,4,20,0,0
2022-01-25,0,3,0,0,45,0,2,32,0,0
2022-01-26,0,3,0,0,62,1,1,31,0,0
2022-01-27,0,2,0,0,59,3,2,10,0,0
2022-01-28,1,2,0,0,82,2,2,20,0,0
2022-01-29,0,5,0,0,69,3,0,24,0,0
2022-01-30,4,2,0,0,70,1,0,8,0,0
2022-01-31,1,2,0,0,105,4,1,15,0,0
2022-02-01,2,1,0,0,99,2,2,11,0,0
2022-02-02,0,2,0,0,84,2,0,18,0,0
2022-02-03,1,0,0,0,67,4,1,13,0,0
2022-02-04,4,7,0,0,69,5,1,18,0,0
2022-02-05,1,4,0,0,51,1,1,14,0,0
2022-02-06,0,2,0,0,63,0,0,9,0,0
2022-02-07,3,4,0,0,88,2,0,20,0,0
2022-02-08,1,3,0,0,74,2,1,14,0,0
2022-02-09,5,4,0,0,56,1,0,11,0,0
2022-02-10,0,1,0,0,58,0,2,11,0,0
2022-02-11,3,3,0,0,72,1,1,17,0,0
2022-02-12,0,4,0,0,63,3,1,8,0,0
2022-02-13,1,1,0,0,67,0,0,12,0,0
2022-02-14,1,2,0,0,71,1,3,9,0,0
2022-02-15,3,1,0,0,87,1,0,13,0,0
2022-02-16,2,1,0,0,78,0,0,12,0,0
2022-02-17,3,3,0,0,74,5,0,8,0,0
2022-02-18,0,1,0,0,93,1,0,21,0,0
2022-02-19,1,2,0,0,84,2,0,18,0,0
2022-02-20,0,2,0,0,121,1,2,14,0,0
2022-02-21,0,4,0,0,81,2,1,10,0,0
2022-02-22,3,5,0,0,42,4,2,9,0,0
2022-02-23,0,2,0,0,58,1,2,11,0,0
2022-02-24,0,1,0,0,59,0,1,10,0,0
2022-02-25,0,0,0,0,29,0,0,9,0,0
2022-02-26,1,0,0,0,32,1,0,32,0,0
2022-02-27,0,4,0,0,42,3,2,22,0,0
2022-02-28,0,1,0,0,34,0,2,21,0,0
2022-03-01,1,2,0,0,50,1,0,14,0,0
2022-03-02,0,2,0,0,114,2,0,16,0,0
2022-03-03,1,0,0,0,153,2,2,9,0,0
2022-03-04,2,4,0,0,129,5,2,15,0,0
2022-03-05,2,0,0,0,91,7,4,7,0,0
2022-03-06,1,2,0,0,81,2,0,33,0,0
2022-03-07,1,3,0,0,64,3,3,34,0,0
2022-03-08,0,1,0,0,45,2,0,16,0,0
2022-03-09,0,3,0,0,46,1,0,19,0,0
2022-03-10,2,1,0,0,49,3,0,17,0,0
2022-03-11,3,1,0,0,62,1,0,33,0,0
2022-03-12,1,5,0,0,44,2,8,25,0,0
2022-03-13,0,3,0,0,54,9,2,20,0,0
2022-03-14,2,0,0,0,49,2,1,14,0,0
2022-03-15,1,2,0,0,32,0,1,15,0,0
2022-03-16,1,1,0,0,51,4,3,21,0,0
2022-03-17,0,1,0,0,46,2,1,16,0,0
2022-03-18,1,3,0,0,35,0,2,21,0,0
2022-03-19,2,2,0,0,47,0,0,8,0,0
2022-03-20,3,0,0,0,45,3,0,15,0,0
2022-03-21,1,1,0,0,48,2,0,12,0,0
2022-03-22,2,1,0,0,58,1,0,14,0,0
2022-03-23,0,3,0,0,45,6,1,17,0,0
2022-03-24,1,1,0,0,49,0,2,18,0,0
2022-03-25,1,2,0,0,36,3,0,9,0,0
2022-03-26,0,1,0,0,46,0,0,15,0,0
2022-03-27,1,3,0,0,39,4,3,21,0,0
2022-03-28,1,2,0,0,39,1,0,16,0,0
2022-03-29,2,4,0,0,52,3,1,16,0,0
2022-03-30,1,2,0,0,49,3,1,11,0,0
2022-03-31,1,2,0,0,27,5,2,9,0,0
2022-04-01,1,1,0,0,49,4,0,17,0,0
2022-04-02,0,2,0,0,38,2,1,23,0,0
2022-04-03,2,0,0,0,29,3,0,19,0,0
2022-04-04,1,1,0,0,27,3,0,12,0,0
2022-04-05,0,2,0,0,40,4,0,12,0,0
2022-04-06,1,0,0,0,40,1,1,17,0,0
2022-04-07,2,0,0,0,41,3,0,11,0,0
2022-04-08,4,1,0,0,27,0,0,8,0,0
2022-04-09,1,2,0,0,51,1,0,21,0,0
2022-04-10,2,2,0,0,59,11,1,26,0,0
2022-04-11,0,4,0,0,44,1,0,17,0,0
2022-04-12,2,1,0,0,35,2,0,22,0,0
2022-04-13,2,1,0,0,31,4,0,9,0,0
2022-04-14,0,2,0,0,29,0,0,9,0,0
2022-04-15,1,3,0,0,34,2,1,10,0,0
2022-04-16,1,1,0,0,35,2,0,15,0,0
2022-04-17,1,1,0,0,33,6,1,49,0,0
2022-04-18,1,3,0,0,34,1,0,29,0,0
2022-04-19,3,3,0,0,45,2,0,19,0,0
2022-04-20,1,1,0,0,33,1,0,19,0,0
2022-04-21,0,2,0,0,35,1,2,14,0,0
2022-04-22,2,5,0,0,31,0,0,18,0,0
2022-04-23,3,2,0,0,31,1,1,18,0,0
2022-04-24,1,0,0,0,54,1,1,41,0,0
2022-04-25,2,2,0,0,39,5,1,22,0,0
2022-04-26,2,5,0,0,38,2,0,21,0,0
2022-04-27,1,1,0,0,24,0,1,14,0,0
2022-04-28,0,7,0,0,32,4,1,19,0,0
2022-04-29,0,3,0,0,42,2,4,12,0,0
2022-04-30,1,2,0,0,25,0,2,14,0,0
2022-05-01,2,2,0,0,45,3,2,28,0,0
2022-05-02,0,3,0,0,45,3,2,10,0,0
2022-05-03,3,6,0,0,57,9,0,15,0,0
2022-05-04,0,3,0,0,42,5,1,15,0,0
2022-05-05,0,0,0,0,39,5,0,13,0,0
2022-05-06,3,1,0,0,44,5,1,30,0,0
2022-05-07,2,4,0,0,29,1,0,20,0,0
2022-05-08,1,4,0,0,36,3,1,22,0,0
2022-05-09,1,5,0,0,35,0,1,17,0,0
2022-05-10,2,5,0,0,30,1,2,50,0,0
2022-05-11,1,2,0,0,25,1,2,26,0,0
2022-05-12,2,1,0,0,48,5,1,12,0,0
2022-05-13,3,3,0,0,46,2,3,17,0,0
2022-05-14,2,4,0,0,33,3,6,14,0,0
2022-05-15,4,1,0,0,25,1,0,60,0,0
2022-05-16,1,1,0,0,39,0,0,27,0,0
2022-05-17,3,6,0,0,28,4,5,66,0,0
2022-05-18,2,4,0,0,35,3,1,27,0,0
2022-05-19,6,8,0,0,22,2,0,53,0,0
2022-05-20,0,2,0,0,25,0,0,29,0,0
2022-05-21,1,4,0,0,37,1,0,31,0,0
2022-05-22,0,14,0,0,37,4,1,14,0,0
2022-05-23,2,3,0,0,32,1,0,19,0,0
2022-05-24,0,3,0,0,25,4,0,21,0,0
2022-05-25,2,4,0,0,15,2,2,23,0,0
2022-05-26,1,5,0,0,27,1,0,20,0,0
2022-05-27,3,2,0,0,27,7,1,22,0,0
2022-05-28,0,5,0,0,30,5,0,11,0,0
2022-05-29,0,0,0,0,46,3,0,19,0,0
2022-05-30,1,4,0,0,35,2,0,20,0,0
2022-05-31,3,3,0,0,30,3,3,22,0,0
2022-06-01,1,1,0,0,33,1,0,21,0,0
2022-06-02,2,0,0,0,37,1,1,10,0,0
2022-06-03,1,3,0,0,43,7,0,18,0,0
2022-06-04,3,1,0,0,28,1,3,10,0,0
2022-06-05,1,4,0,0,34,1,0,17,0,0
2022-06-06,1,1,0,0,31,3,2,30,0,0
2022-06-07,3,5,0,0,25,1,0,51,0,0
2022-06-08,1,2,0,0,27,1,2,25,0,0
2022-06-09,0,0,0,0,26,2,2,19,0,0
2022-06-10,2,4,0,0,23,2,1,19,0,0
2022-06-11,1,2,0,0,26,1,2,17,0,0
2022-06-12,2,3,0,0,37,2,2,25,0,0
2022-06-13,3,3,0,0,41,3,8,28,0,0
2022-06-14,4,2,0,0,39,1,1,20,0,0
2022-06-15,1,8,0,0,38,1,1,20,0,0
2022-06-16,2,4,0,0,24,2,3,18,0,0
2022-06-17,1,2,0,0,27,4,0,34,0,0
2022-06-18,0,3,0,0,21,2,0,24,0,0
2022-06-19,0,2,0,0,37,0,2,22,0,0
2022-06-20,2,1,0,0,33,2,0,19,0,0
2022-06-21,0,4,0,0,30,6,2,16,0,0
2022-06-22,1,2,0,0,49,7,1,28,0,0
2022-06-23,0,1,0,0,41,1,0,11,0,0
2022-06-24,1,0,0,0,29,1,1,20,0,0
2022-06-25,0,0,0,0,28,1,1,21,0,0
2022-06-26,1,1,0,0,26,3,3,32,0,0
2022-06-27,3,1,0,0,32,1,1,449,0,0
2022-06-28,0,2,0,0,38,1,6,227,0,0
2022-06-29,0,1,0,0,40,1,3,249,0,0
2022-06-30,1,1,0,0,24,2,3,156,0,0
2022-07-01,1,2,0,0,35,9,1,366,0,0
2022-07-02,4,10,0,0,30,5,0,10473,0,0
2022-07-03,0,2,0,0,36,1,3,5068,0,0
2022-07-04,1,4,0,0,51,1,1,1239,0,0
2022-07-05,3,3,0,0,27,3,1,701,0,0
2022-07-06,4,5,0,0,40,16,0,308,0,0
2022-07-07,0,3,0,0,26,4,3,227,0,0
2022-07-08,3,7,0,0,36,3,1,1125,0,0
2022-07-09,2,3,0,0,37,3,2,216,0,0
2022-07-10,5,7,0,0,24,5,4,170,0,0
2022-07-11,2,2,0,0,32,8,1,110,0,0
2022-07-12,3,5,0,0,40,3,0,356,0,0
2022-07-13,2,9,0,0,27,3,6,346,0,0
2022-07-14,4,4,0,0,34,2,4,324,0,0
2022-07-15,4,9,0,0,30,8,1,227,0,0
2022-07-16,3,5,0,0,28,32,0,194,0,0
2022-07-17,6,6,0,0,30,5,4,139,0,0
2022-07-18,4,4,0,0,37,10,4,152,0,0
2022-07-19,1,20,0,0,43,5,2,145,0,0
2022-07-20,3,14,0,0,43,16,4,203,0,0
2022-07-21,4,11,0,0,50,7,1,332,0,0
2022-07-22,5,3,0,0,45,9,3,346,0,0
2022-07-23,3,4,0,0,26,9,11,341,0,0
2022-07-24,3,6,0,0,55,14,4,587,0,0
2022-07-25,1,9,0,0,39,3,6,282,0,0
2022-07-26,2,5,0,0,39,5,1,173,0,0
2022-07-27,2,2,0,0,21,6,2,136,0,0
2022-07-28,1,4,0,0,45,3,4,89,0,0
2022-07-29,0,2,0,0,42,4,3,55,0,0
2022-07-30,1,6,0,0,38,5,0,66,0,0
2022-07-31,1,1,0,0,46,2,1,55,0,0
2022-08-01,8,1,0,0,29,3,2,60,0,0
2022-08-02,0,0,0,0,34,3,1,30,0,0
2022-08-03,0,1,0,0,47,1,3,35,0,0
2022-08-04,3,1,0,0,22,0,1,33,0,0
2022-08-05,3,2,0,0,30,4,2,22,0,0
2022-08-06,3,7,0,0,28,3,0,37,0,0
2022-08-07,4,2,0,0,27,2,0,23,0,0
2022-08-08,0,3,0,0,41,3,0,21,0,0
2022-08-09,0,3,0,0,31,0,1,27,0,0
2022-08-10,1,2,0,0,31,2,0,25,0,0
2022-08-11,0,2,0,0,21,0,0,11,0,0
2022-08-12,0,0,0,0,37,0,1,23,0,0
2022-08-13,1,0,0,0,36,1,1,19,0,0
2022-08-14,3,0,0,0,58,6,2,13,0,0
2022-08-15,3,4,0,0,47,4,0,26,0,0
2022-08-16,0,1,0,0,38,3,5,18,0,0
2022-08-17,2,3,0,0,40,11,1,16,0,0
2022-08-18,3,4,0,0,34,2,1,20,0,0
2022-08-19,0,2,0,0,23,7,0,18,0,0
2022-08-20,2,1,0,0,41,3,1,84,0,0
2022-08-21,1,1,0,0,33,2,2,24,0,0
2022-08-22,7,0,0,0,34,0,3,9,0,0
2022-08-23,1,3,0,0,34,4,0,21,0,0
2022-08-24,2,1,0,0,26,2,3,20,0,0
2022-08-25,3,1,0,0,29,6,1,25,0,0
2022-08-26,2,5,0,0,39,1,1,12,0,0
2022-08-27,0,2,0,0,37,3,0,26,0,0
2022-08-28,1,4,0,0,29,1,2,15,0,0
2022-08-29,3,3,0,0,46,3,0,18,0,0
2022-08-30,0,0,0,0,32,1,0,29,0,0
2022-08-31,0,0,0,0,49,2,2,32,0,0
2022-09-01,2,0,0,0,42,1,1,17,0,0
2022-09-02,0,2,0,0,22,1,0,22,0,0
2022-09-03,0,2,0,0,19,1,0,14,0,0
2022-09-04,3,1,0,0,42,6,3,36,0,0
2022-09-05,3,2,0,0,43,0,0,188,0,0
2022-09-06,0,7,0,0,31,5,2,64,0,0
2022-09-07,2,2,0,0,35,1,3,23,0,0
2022-09-08,0,2,0,0,36,4,1,21,0,0
2022-09-09,3,3,0,0,23,2,2,12,0,0
2022-09-10,0,3,0,0,28,2,1,18,0,0
2022-09-11,5,5,0,0,41,4,2,16,0,0
2022-09-12,0,2,0,0,47,7,3,16,0,0
2022-09-13,1,0,0,0,28,2,1,13,0,0
2022-09-14,1,3,0,0,34,3,5,17,0,0
2022-09-15,1,2,0,0,31,3,1,10,0,0
2022-09-16,0,1,0,0,25,1,0,8,0,0
2022-09-17,2,2,0,0,29,1,1,31,0,0
2022-09-18,1,5,0,0,39,0,2,171,0,0
2022-09-19,0,2,0,0,33,4,2,54,0,0
2022-09-20,0,1,0,0,36,4,5,13,0,0
2022-09-21,1,3,0,0,30,1,3,17,0,0
2022-09-22,3,0,0,0,25,0,2,22,0,0
2022-09-23,0,4,0,0,36,1,0,12,0,0
2022-09-24,1,0,0,0,30,3,3,7,0,0
2022-09-25,0,2,0,0,25,3,3,22,0,0
2022-09-26,0,0,0,0,55,0,0,13,0,0
2022-09-27,0,1,0,0,31,3,0,20,0,0
2022-09-28,2,3,0,0,23,2,1,8,0,0
2022-09-29,1,3,0,0,40,1,0,12,0,0
2022-09-30,1,0,0,0,36,0,2,8,0,0
2022-10-01,3,0,0,0,25,1,2,9,0,0
2022-10-02,1,1,0,0,42,0,0,7,0,0
2022-10-03,3,10,0,0,39,2,1,10,0,0
2022-10-04,1,3,0,0,36,5,0,6,0,0
2022-10-05,1,1,0,0,43,0,3,7,0,0
2022-10-06,1,4,0,0,33,0,2,6,0,0
2022-10-07,0,2,0,0,21,0,1,7,0,0
2022-10-08,1,6,0,0,42,0,1,7,0,0
2022-10-09,0,1,0,0,30,3,1,12,0,0
2022-10-10,0,2,0,0,32,1,1,7,0,0
2022-10-11,0,0,0,0,29,0,1,6,0,0
2022-10-12,5,0,0,0,23,2,1,7,0,0
2022-10-13,2,2,0,0,38,3,1,10,0,0
2022-10-14,0,0,0,0,28,1,1,4,0,0
2022-10-15,3,0,0,0,37,0,0,5,0,0
2022-10-16,1,2,0,0,33,1,0,4,0,0
2022-10-17,0,0,0,0,29,0,1,4,0,0
2022-10-18,2,2,0,0,30,1,0,8,0,0
2022-10-19,1,5,0,0,37,1,0,5,0,0
2022-10-20,0,4,0,0,37,1,0,18,0,0
2022-10-21,0,1,0,0,28,3,2,14,0,0
2022-10-22,0,0,0,0,37,3,0,15,0,0
2022-10-23,0,4,0,0,28,2,1,11,0,0
2022-10-24,2,1,0,0,26,0,1,7,0,0
2022-10-25,0,3,0,0,22,0,1,6,0,0
2022-10-26,0,5,0,0,19,1,1,7,0,0
2022-10-27,0,1,0,0,31,2,0,11,0,0
2022-10-28,0,1,0,0,42,1,0,5,0,0
2022-10-29,0,1,0,0,21,3,1,6,0,0
2022-10-30,1,0,0,0,20,0,0,12,0,0
2022-10-31,3,1,0,0,17,4,1,6,0,0
2022-11-01,1,4,0,0,27,6,0,5,0,0
2022-11-02,0,0,0,0,31,1,1,7,0,0
2022-11-03,0,2,0,0,41,1,2,9,0,0
2022-11-04,0,0,0,0,41,0,1,12,0,0
2022-11-05,0,2,0,0,38,6,0,8,0,0
2022-11-06,0,2,0,0,45,1,1,7,0,0
2022-11-07,1,0,0,0,44,3,1,8,0,0
2022-11-08,1,1,0,0,34,2,1,6,0,0
2022-11-09,1,0,0,0,34,1,0,9,0,0
2022-11-10,0,0,0,0,23,1,0,6,0,0
2022-11-11,0,2,0,0,26,3,2,2,0,0
2022-11-12,2,0,0,0,22,1,1,5,0,0
2022-11-13,0,3,0,0,28,0,0,4,0,0
2022-11-14,1,1,0,0,38,2,3,12,0,0
2022-11-15,0,1,0,0,38,0,0,7,0,0
2022-11-16,1,3,0,0,41,0,0,7,0,0
2022-11-17,0,1,0,0,30,1,1,5,0,0
2022-11-18,0,2,0,0,23,0,0,14,0,0
2022-11-19,0,0,0,0,22,1,1,3,0,0
2022-11-20,0,2,0,0,32,9,0,11,0,0
2022-11-21,0,2,0,0,48,0,0,5,0,0
2022-11-22,1,0,0,0,20,0,0,7,0,0
2022-11-23,1,0,0,0,30,0,1,10,0,0
2022-11-24,0,3,0,0,26,0,0,4,0,0
2022-11-25,0,1,0,0,32,0,1,6,0,0
2022-11-26,2,3,0,0,23,4,0,4,0,0
2022-11-27,0,3,0,0,40,1,0,3,0,0
2022-11-28,2,0,0,0,36,2,0,9,0,0
2022-11-29,3,0,0,0,42,1,2,6,0,0
2022-11-30,0,3,0,0,40,0,0,27,0,0
2022-12-01,1,3,0,0,34,0,0,10,0,0
2022-12-02,1,1,0,0,35,1,2,23,0,0
2022-12-03,0,1,0,0,22,2,1,5,0,0
2022-12-04,1,3,0,0,32,2,0,10,0,0
2022-12-05,1,2,0,0,32,1,1,10,0,0
2022-12-06,2,2,0,0,41,2,0,6,0,0
2022-12-07,2,1,0,0,30,0,1,9,0,0
2022-12-08,0,0,0,0,30,5,2,2,0,0
2022-12-09,0,1,0,0,17,3,0,2,0,0
2022-12-10,0,1,0,0,18,1,1,4,0,0
2022-12-11,0,0,0,0,37,1,1,5,0,0
2022-12-12,1,2,0,0,35,3,1,10,0,0
2022-12-13,1,3,0,0,31,3,1,10,0,0
2022-12-14,1,2,0,0,43,2,2,10,0,0
2022-12-15,1,1,0,0,62,2,1,8,0,0
2022-12-16,2,2,0,0,50,1,2,11,0,0
2022-12-17,0,0,0,0,39,0,0,4,0,0
2022-12-18,1,2,0,0,58,0,0,3,0,0
2022-12-19,0,1,0,0,54,2,0,3,0,0
2022-12-20,0,3,0,0,40,0,0,5,0,0
2022-12-21,1,2,0,0,31,1,1,13,0,0
2022-12-22,2,0,0,0,26,2,0,5,0,0
2022-12-23,1,5,0,0,41,1,0,10,0,0
2022-12-24,1,3,0,0,24,2,2,3,0,0
2022-12-25,1,0,0,0,35,0,0,6,0,0
2022-12-26,1,0,0,0,33,3,2,13,0,0
2022-12-27,0,0,0,0,41,0,0,8,0,0
2022-12-28,1,1,0,0,35,0,1,8,0,0
2022-12-29,0,0,0,0,40,1,1,1,0,0
2022-12-30,1,0,0,0,37,1,7,8,0,0
2022-12-31,1,4,0,0,32,0,0,9,0,0
2023-01-01,0,1,0,0,32,0,0,7,0,0
2023-01-02,2,0,0,0,36,4,0,7,0,0
2023-01-03,5,8,0,0,49,7,0,7,0,0
2023-01-04,4,1,0,0,44,0,2,10,0,0
2023-01-05,2,1,0,0,43,5,2,10,0,0
2023-01-06,0,1,0,0,31,0,1,8,0,0
2023-01-07,0,1,0,0,35,3,0,14,0,0
2023-01-08,3,0,0,0,38,2,2,4,0,0
2023-01-09,1,4,0,0,26,3,1,6,0,0
2023-01-10,0,2,0,0,31,1,0,10,0,0
2023-01-11,0,1,0,0,30,1,0,7,0,0
2023-01-12,0,5,0,0,28,0,1,5,0,0
2023-01-13,0,2,0,0,39,4,0,6,0,0
2023-01-14,2,4,0,0,27,1,0,10,0,0
2023-01-15,0,0,0,0,40,9656,2,6,0,0
2023-01-16,1,0,0,0,49,4176,3,4,0,0
2023-01-17,0,3,0,0,35,1368,2,9,0,0
2023-01-18,0,0,0,0,36,694,2,6,0,0
2023-01-19,0,2,0,0,33,399,0,9,0,0
2023-01-20,0,1,0,0,41,323,1,2,0,0
2023-01-21,2,1,0,0,32,239,0,4,0,0
2023-01-22,3,1,0,0,29,181,3,8,0,0
2023-01-23,2,1,0,0,29,176,2,4,0,0
2023-01-24,2,2,0,0,34,108,1,2,0,0
2023-01-25,0,0,0,0,44,90,0,7,0,0
2023-01-26,3,1,0,0,25,104,2,6,0,0
2023-01-27,0,3,0,0,27,76,0,3,0,0
2023-01-28,0,0,0,0,33,54,0,3,0,0
2023-01-29,1,0,0,0,30,53,2,5,0,0
2023-01-30,1,0,0,0,23,85,4,4,0,0
2023-01-31,1,0,0,0,39,115,4,5,0,0
2023-02-01,2,1,0,0,35,113,0,6,0,0
2023-02-02,1,1,0,0,26,66,0,4,0,0
2023-02-03,1,1,0,0,43,39,3,2,0,0
2023-02-04,1,3,0,0,28,31,3,5,0,0
2023-02-05,4,6,0,0,29,32,7,7,0,0
2023-02-06,0,2,0,0,4169,41,2,6,0,0
2023-02-07,0,2,0,0,690,31,4,6,0,0
2023-02-08,0,1,0,0,161,20,0,13,0,0
2023-02-09,3,0,0,0,105,21,1,5,0,0
2023-02-10,0,1,0,0,90,24,1,6,0,0
2023-02-11,0,3,0,0,126,19,0,15,0,0
2023-02-12,0,0,0,0,99,18,2,11,0,0
2023-02-13,0,2,0,0,111,11,0,4,0,0
2023-02-14,0,3,0,0,61,19,0,10,0,0
2023-02-15,0,0,0,0,59,23,0,4,0,0
2023-02-16,0,1,0,0,63,19,0,8,0,0
2023-02-17,4,4,0,0,34,24,1,7,0,0
2023-02-18,2,4,0,0,32,11,2,7,0,0
2023-02-19,1,2,0,0,69,16,1,4,0,0
2023-02-20,1,0,0,0,59,22,0,5,0,0
2023-02-21,3,2,0,0,39,16,2,9,0,0
2023-02-22,0,1,0,0,36,6,0,12,0,0
2023-02-23,0,0,0,0,44,5,1,8,0,0
2023-02-24,2,1,0,0,26,8,0,7,0,0
2023-02-25,2,0,0,0,27,6,1,9,0,0
2023-02-26,0,2,0,0,41,19,0,16,0,0
2023-02-27,1,0,0,0,27,11,0,10,0,0
2023-02-28,1,2,0,0,36,16,0,7,0,0
2023-03-01,1,1,0,0,31,8,0,6,0,0
2023-03-02,3,0,0,0,29,12,0,10,0,0
2023-03-03,0,0,0,0,25,6,1,6,0,0
2023-03-04,0,1,0,0,41,9,1,13,0,0
2023-03-05,1,0,0,0,25,9,4,4,0,0
2023-03-06,1,1,0,0,30,16,0,12,0,0
2023-03-07,0,0,0,0,51,7,3,6,0,0
2023-03-08,4,0,0,0,24,16,1,28,0,0
2023-03-09,5,2,0,0,38,10,1,9,0,0
2023-03-10,1,1,0,0,43,14,3,8,0,0
2023-03-11,0,2,0,0,59,14,1,8,0,0
2023-03-12,5,4,0,0,26,17,1,18,0,0
2023-03-13,3,2,0,0,29,17,1,22,0,0
2023-03-14,3,1,0,0,20,10,1,7,0,0
2023-03-15,0,3,0,0,46,13,1,8,0,0
2023-03-16,2,2,0,0,37,15,1,0,0,0
2023-03-17,1,2,0,0,27,12,1,10,0,0
2023-03-18,3,2,0,0,29,12,3,15,0,0
2023-03-19,1,2,0,0,39,15,2,10,0,0
2023-03-20,2,1,0,0,37,10,0,10,0,0
2023-03-21,0,2,0,0,36,11,2,6,0,0
2023-03-22,3,3,0,0,26,270,0,12,0,0
2023-03-23,0,0,0,0,29,77,1,8,0,0
2023-03-24,2,0,0,0,35,36,0,14,0,0
2023-03-25,1,2,0,0,27,33,0,13,0,0
2023-03-26,2,2,0,0,30,30,7,18,0,0
2023-03-27,4,2,0,0,42,19,1,14,0,0
2023-03-28,0,1,0,0,29,18,2,15,0,0
2023-03-29,4,1,0,0,39,13,2,10,0,0
2023-03-30,1,1,0,0,31,7,2,10,0,0
2023-03-31,2,2,0,0,37,7,0,12,0,0
2023-04-01,0,6,0,0,27,18,0,7,0,0
2023-04-02,2,1,0,0,33,19,1,11,0,0
2023-04-03,0,3,0,0,31,15,2,13,0,0
2023-04-04,2,1,0,0,31,8,1,8,0,0
2023-04-05,3,7,0,0,21,5,0,12,0,0
2023-04-06,3,1,0,0,27,10,2,10,0,0
2023-04-07,3,2,0,0,22,15,1,14,0,0
2023-04-08,0,5,0,0,23,12,3,14,0,0
2023-04-09,3,6,0,0,32,16,1,39,3101,0
2023-04-10,4,1,0,0,37,11,2,8,1451,0
2023-04-11,1,5,0,0,57,9,0,13,591,0
2023-04-12,1,2,0,0,63,6,4,8,390,0
2023-04-13,1,1,0,0,24,13,1,13,190,0
2023-04-14,0,1,0,0,32,7,1,1,132,0
2023-04-15,4,1,0,0,31,10,1,10,99,0
2023-04-16,1,7,0,0,39,12,1,9,82,0
2023-04-17,2,1,0,0,28,11,0,8,92,0
2023-04-18,2,1,0,0,33,7,2,5,71,0
2023-04-19,1,2,0,0,33,15,0,10,86,0
2023-04-20,0,3,0,0,38,7,1,12,52,0
2023-04-21,0,5,0,0,35,4,0,10,53,0
2023-04-22,0,5,0,0,39,9,0,9,39,0
2023-04-23,2,5,0,0,27,8,2,11,47,0
2023-04-24,0,4,0,0,37,4,0,8,35,0
2023-04-25,0,4,0,0,29,15,0,11,20,0
2023-04-26,0,7,0,0,28,5,0,5,52,0
2023-04-27,1,2,0,0,29,6,2,9,46,0
2023-04-28,0,0,0,0,25,7,1,10,38,0
2023-04-29,2,0,0,0,26,4,2,9,32,0
2023-04-30,2,4,0,0,20,3,3,10,53,0
2023-05-01,2,1,0,0,31,2,1,9,40,0
2023-05-02,0,2,0,0,33,6,2,10,29,0
2023-05-03,1,2,0,0,36,6,0,15,61,0
2023-05-04,1,1,0,0,36,6,1,6,29,0
2023-05-05,1,0,0,0,47,4,2,6,17,0
2023-05-06,3,5,0,0,37,4,1,10,31,0
2023-05-07,6,0,0,0,30,3,1,3,28,0
2023-05-08,1,1,0,0,50,4,0,80,37,0
2023-05-09,2,6,0,0,27,8,0,35,22,0
2023-05-10,3,9,0,0,31,7,3,125,31,0
2023-05-11,0,3,0,0,41,7,6,26,14,0
2023-05-12,2,1,0,0,32,9,8,19,17,0
2023-05-13,1,0,0,0,38,2,0,17,17,0
2023-05-14,5,2,0,0,34,10,3,7,16,0
2023-05-15,1,3,0,0,28,8,1,8,21,0
2023-05-16,0,5,0,0,34,12,1,19,10,0
2023-05-17,1,1,0,0,45,9,2,18,19,0
2023-05-18,1,4,0,0,39,11,3,19,10,0
2023-05-19,1,5,0,0,24,11,0,17,18,0
2023-05-20,0,0,0,0,30,9,1,13,12,0
2023-05-21,0,4,0,0,28,9,0,17,10,0
2023-05-22,1,4,0,0,41,4,0,25,9,0
2023-05-23,0,2,0,0,33,8,0,10,11,250
2023-05-24,2,3,0,0,30,4,3,20,5,532
2023-05-25,1,0,0,0,25,8,2,22,4,241
2023-05-26,3,0,0,0,35,9,0,15,10,159
2023-05-27,1,1,0,0,33,7,1,37,6,133
2023-05-28,0,8,0,0,39,10,1,23,14,100
2023-05-29,2,6,0,0,32,13,5,36,4,83
2023-05-30,0,0,0,0,28,3,0,10,11,83
2023-05-31,2,3,0,0,25,8,1,24,6,50
2023-06-01,2,3,0,0,24,8,3,24,11,55
2023-06-02,2,0,0,0,16,5,2,16,8,35
2023-06-03,3,0,0,0,28,6,0,17,13,28
2023-06-04,3,70,0,0,31,17,3,24,12,39
2023-06-05,4,9,0,0,35,4,4,14,18,29
2023-06-06,0,0,0,0,33,13,2,20,55,29
2023-06-07,3,0,0,0,34,8,5,18,20,21
2023-06-08,0,1,879,0,30,5,5,23,14,11
2023-06-09,5,2,315,0,21,6,2,26,14,10
2023-06-10,1,5,206,0,23,5,2,29,7,11
2023-06-11,2,5,169,0,22,3,4,46,6,8
2023-06-12,2,2,116,0,21,6,0,35,3,11
2023-06-13,2,3,131,0,37,10,2,27,12,3
2023-06-14,6,4,85,0,36,6,0,39,2,9
2023-06-15,4,11,56,0,36,12,2,28,3,14
2023-06-16,30,107,210,0,31,13,3,120,23,14
2023-06-17,22,52,129,0,136,13,2,53,5,44
2023-06-18,16,23,95,0,158,5,2,37,8,22
2023-06-19,5,15,76,0,90,15,3,38,13,12
2023-06-20,4,8,45,0,56,7,1,19,7,3
2023-06-21,7,6,31,0,42,7,0,20,7,8
2023-06-22,2,1,40,0,36,10,1,27,10,2
2023-06-23,2,4,31,0,32,8,6,18,7,5
2023-06-24,4,2,29,0,32,241,6,11,6,10
2023-06-25,1,5,43,0,32,254,2,27,6,4
2023-06-26,6,11,34,0,32,89,3,71,5,4
2023-06-27,0,4,26,0,23,54,5,29,8,3
2023-06-28,5,11,36,0,27,44,5,35,4,8
2023-06-29,0,2,19,0,33,26,6,270,7,5
2023-06-30,1,6,29,0,28,21,4,64,4,6
2023-07-01,4,6,46,0,39,11,6,83,8,1
2023-07-02,3,2,22,0,32,16,5,91,2,4
2023-07-03,6,9,48,0,31,12,1,83,8,6
2023-07-04,4,7,37,0,29,21,11,67,8,4
2023-07-05,2,1,14,0,50,16,3,75,10,3
2023-07-06,3,10,28,0,44,13,4,105,3,5
2023-07-07,2,8,28,0,48,7,15,76,5,3
2023-07-08,1,2,23,0,29,13,8,134,7,1
2023-07-09,5,6,32,0,53,35,13,122,7,2
2023-07-10,2,4,19,0,49,25,4,77,4,2
2023-07-11,8,7,26,0,39,12,7,78,2,1
2023-07-12,8,5,24,0,43,9,9,66,8,0
2023-07-13,4,6,17,0,25,11,6,71,7,2
2023-07-14,4,10,23,0,26,18,8,71,4,3
2023-07-15,10,6,23,0,32,13,31,129,4,4
2023-07-16,5,5,24,0,45,35,5,142,3,1
2023-07-17,1,6,19,0,36,19,4,110,5,3
2023-07-18,3,5,21,0,29,19,4,129,4,1
2023-07-19,6,10,27,0,29,9,5,175,4,4
2023-07-20,4,4,17,0,26,20,6,147,5,4
2023-07-21,4,11,18,0,24,16,3,104,6,1
2023-07-22,3,6,17,0,26,22,6,135,7,1
2023-07-23,9,4,22,0,39,9,2,234,6,1
2023-07-24,2,5,27,0,47,18,2,163,8,6
2023-07-25,3,2,13,0,42,35,2,82,37,1
2023-07-26,2,1,14,0,43,10,3,88,13,3
2023-07-27,3,3,11,0,35,6,2,55,3,1
2023-07-28,2,3,7,0,20,39,5,41,4,2
2023-07-29,1,2,10,0,33,12,1,35,3,0
2023-07-30,1,3,10,0,32,4,0,27,3,0
2023-07-31,3,5,13,0,40,5,5,27,9,2
2023-08-01,3,2,10,0,53,12,4,22,17,2
2023-08-02,5,3,12,0,42,7,2,28,5,0
2023-08-03,0,1,8,0,60,4,0,24,7,3
2023-08-04,2,2,12,0,72,15,3,21,2,0
2023-08-05,0,4,8,0,37,12,2,35,4,0
2023-08-06,1,5,10,0,33,8,0,34,0,2
2023-08-07,3,4,3,0,30,9,2,19,7,0
2023-08-08,2,2,12,0,47,12,7,16,3,1
2023-08-09,0,2,5,0,24,9,7,23,10,1
2023-08-10,2,2,8,0,56,15,2,13,2,1
2023-08-11,1,0,4,0,51,5,3,20,9,3
2023-08-12,2,2,14,0,44,9,3,15,4,6
2023-08-13,3,2,11,0,36,4,0,23,6,5
2023-08-14,0,1,7,0,37,7,0,11,9,3
2023-08-15,5,1,5,0,38,9,1,18,4,2
2023-08-16,1,3,6,0,29,8,4,22,10,4
2023-08-17,1,4,9,0,18,8,1,23,6,2
2023-08-18,2,3,7,0,19,8,5,15,5,1
2023-08-19,2,2,3,0,36,2,1,13,6,2
2023-08-20,1,2,7,0,37,6,0,14,3,2
2023-08-21,2,3,2,0,36,7,0,7,4,0
2023-08-22,1,2,4,0,45,6,4,16,4,5
2023-08-23,2,3,6,0,23,8,0,6,5,3
2023-08-24,0,1,5,0,37,6,3,22,1,5
2023-08-25,1,5,27,5582,23,7,3,31,1,5
2023-08-26,3,2,8,4594,14,5,0,22,8,5
2023-08-27,1,4,6,2436,35,3,0,17,5,5
2023-08-28,3,3,7,1383,38,6,1,19,6,1
2023-08-29,1,4,6,652,27,3,0,16,4,1
2023-08-30,2,1,7,440,43,7,0,10,5,4
2023-08-31,2,2,3,335,27,2,0,12,6,2
2023-09-01,1,1,1,252,32,0,0,13,9,2
2023-09-02,1,1,8,372,23,4,3,13,3,3
2023-09-03,7,3,5,217,20,5,2,16,6,4
2023-09-04,2,2,2,137,43,9,2,39,6,4
2023-09-05,2,3,4,134,35,6,4,191,5,2
2023-09-06,2,3,9,90,28,5,4,23,5,14
2023-09-07,2,3,10,44,28,5,5,15,6,7
2023-09-08,0,3,2,54,24,7,4,15,13,0
2023-09-09,1,3,4,55,34,5,3,27,33,2
2023-09-10,3,3,10,39,36,10,2,12,16,6
2023-09-11,1,1,3,34,32,5,,17,2,1
2023-09-12,10,7,8,41,27,5,2,16,13,1
